#
# There is insufficient memory for the Java Runtime Environment to continue.
# Native memory allocation (mmap) failed to map 17825792 bytes. Error detail: G1 virtual space
# Possible reasons:
#   The system is out of physical RAM or swap space
#   This process is running with CompressedOops enabled, and the Java Heap may be blocking the growth of the native heap
# Possible solutions:
#   Reduce memory load on the system
#   Increase physical memory or swap space
#   Check if swap backing store is full
#   Decrease Java heap size (-Xmx/-Xms)
#   Decrease number of Java threads
#   Decrease Java thread stack sizes (-Xss)
#   Set larger code cache with -XX:ReservedCodeCacheSize=
#   JVM is running with Unscaled Compressed Oops mode in which the Java heap is
#     placed in the first 4GB address space. The Java Heap base address is the
#     maximum limit for the native heap growth. Please use -XX:HeapBaseMinAddress
#     to set the Java Heap base and to place the Java Heap above 4GB virtual address.
# This output file may be truncated or incomplete.
#
#  Out of Memory Error (os_windows.cpp:3898), pid=13008, tid=19044
#
# JRE version: OpenJDK Runtime Environment (21.0.7) (build 21.0.7+-13880790-b1038.58)
# Java VM: OpenJDK 64-Bit Server VM (21.0.7+-13880790-b1038.58, mixed mode, tiered, compressed oops, compressed class ptrs, g1 gc, windows-amd64)
# No core dump will be written. Minidumps are not enabled by default on client versions of Windows
#

---------------  S U M M A R Y ------------

Command Line: --add-opens=java.base/java.lang=ALL-UNNAMED --add-opens=java.base/java.lang.invoke=ALL-UNNAMED --add-opens=java.base/java.util=ALL-UNNAMED --add-opens=java.prefs/java.util.prefs=ALL-UNNAMED --add-exports=jdk.compiler/com.sun.tools.javac.api=ALL-UNNAMED --add-exports=jdk.compiler/com.sun.tools.javac.util=ALL-UNNAMED --add-opens=java.base/java.util=ALL-UNNAMED --add-opens=java.prefs/java.util.prefs=ALL-UNNAMED --add-opens=java.base/java.nio.charset=ALL-UNNAMED --add-opens=java.base/java.net=ALL-UNNAMED --add-opens=java.base/java.util.concurrent.atomic=ALL-UNNAMED --add-opens=java.xml/javax.xml.namespace=ALL-UNNAMED -Xmx2048m -Dfile.encoding=UTF-8 -Duser.country=US -Duser.language=en -Duser.variant -javaagent:C:\Users\WIN11\.gradle\wrapper\dists\gradle-8.14.3-bin\cv11ve7ro1n3o1j4so8xd9n66\gradle-8.14.3\lib\agents\gradle-instrumentation-agent-8.14.3.jar org.gradle.launcher.daemon.bootstrap.GradleDaemon 8.14.3

Host: 12th Gen Intel(R) Core(TM) i5-12500H, 16 cores, 15G,  Windows 11 , 64 bit Build 26100 (10.0.26100.5074)
Time: Fri Oct 10 10:01:36 2025 SE Asia Standard Time elapsed time: 31.968231 seconds (0d 0h 0m 31s)

---------------  T H R E A D  ---------------

Current thread (0x0000019eff864090):  VMThread "VM Thread"          [id=19044, stack(0x0000002c71900000,0x0000002c71a00000) (1024K)]

Stack: [0x0000002c71900000,0x0000002c71a00000]
Native frames: (J=compiled Java code, j=interpreted, Vv=VM code, C=native code)
V  [jvm.dll+0x6d25c9]
V  [jvm.dll+0x860923]
V  [jvm.dll+0x862e7e]
V  [jvm.dll+0x863563]
V  [jvm.dll+0x27f156]
V  [jvm.dll+0x6ceee5]
V  [jvm.dll+0x6c29aa]
V  [jvm.dll+0x355ebb]
V  [jvm.dll+0x35db16]
V  [jvm.dll+0x3afb16]
V  [jvm.dll+0x3afde8]
V  [jvm.dll+0x32855c]
V  [jvm.dll+0x32af66]
V  [jvm.dll+0x334ebd]
V  [jvm.dll+0x36c555]
V  [jvm.dll+0x8692e8]
V  [jvm.dll+0x86a664]
V  [jvm.dll+0x86aba0]
V  [jvm.dll+0x86ae33]
V  [jvm.dll+0x808d08]
V  [jvm.dll+0x6d0e1d]
C  [ucrtbase.dll+0x37b0]
C  [KERNEL32.DLL+0x2e8d7]
C  [ntdll.dll+0x8d9c]

VM_Operation (0x0000002c714ff700): G1PauseRemark, mode: safepoint, requested by thread 0x0000019ef6636350


---------------  P R O C E S S  ---------------

Threads class SMR info:
_java_thread_list=0x0000019e94bea330, length=226, elements={
0x0000019ef40c81d0, 0x0000019eff8af090, 0x0000019eff8bf9e0, 0x0000019eff8c0840,
0x0000019eff8eaab0, 0x0000019eff8eb510, 0x0000019eff8ecae0, 0x0000019eff8ee0b0,
0x0000019eff8f19c0, 0x0000019eff8fafe0, 0x0000019e9309a6b0, 0x0000019e94d41380,
0x0000019e94c5c350, 0x0000019e94d29780, 0x0000019e95181b90, 0x0000019e95023e60,
0x0000019e94bd94c0, 0x0000019e94bd9b30, 0x0000019e94e1f9b0, 0x0000019e94e20040,
0x0000019e94e206d0, 0x0000019e94e1df70, 0x0000019e94e1ec90, 0x0000019e94e213f0,
0x0000019e94e1e600, 0x0000019e94e1f320, 0x0000019e95316270, 0x0000019e95315be0,
0x0000019e95312df0, 0x0000019e95316900, 0x0000019e953141a0, 0x0000019e95314ec0,
0x0000019e95313480, 0x0000019e95314830, 0x0000019e95313b10, 0x0000019e95316f90,
0x0000019e95318340, 0x0000019e953189d0, 0x0000019e95317620, 0x0000019e95317cb0,
0x0000019e95315550, 0x0000019e95319060, 0x0000019e953196f0, 0x0000019e95319d80,
0x0000019e96b75d20, 0x0000019e96b77760, 0x0000019e96b76a40, 0x0000019e96b763b0,
0x0000019e96b770d0, 0x0000019e96b75000, 0x0000019e96b742e0, 0x0000019e96b77df0,
0x0000019e96b74970, 0x0000019e96b79830, 0x0000019e96b79ec0, 0x0000019e96b7a550,
0x0000019e96b7abe0, 0x0000019e96b2f520, 0x0000019e96b2fbb0, 0x0000019e96b2d450,
0x0000019e96b30240, 0x0000019e96b2dae0, 0x0000019e96b2e170, 0x0000019e96b2e800,
0x0000019e96b2ee90, 0x0000019e96b2cdc0, 0x0000019e96b31c80, 0x0000019e96b32310,
0x0000019e96b329a0, 0x0000019effb45d90, 0x0000019effb477d0, 0x0000019effb46420,
0x0000019effb44350, 0x0000019effb46ab0, 0x0000019effb47e60, 0x0000019effb449e0,
0x0000019effb484f0, 0x0000019effb498a0, 0x0000019effb48b80, 0x0000019effb49210,
0x0000019effb49f30, 0x0000019effb4a5c0, 0x0000019effb4ac50, 0x0000019effb4b970,
0x0000019effb4b2e0, 0x0000019e9a0b2830, 0x0000019e9a0b3550, 0x0000019e9a0b0760,
0x0000019e9a0b2ec0, 0x0000019e9a0b1480, 0x0000019e9a0b4270, 0x0000019e9a0b1b10,
0x0000019e9a0b3be0, 0x0000019e9a0b0df0, 0x0000019e9a0b4900, 0x0000019e9a0b4f90,
0x0000019e9a0b5620, 0x0000019e9a0b21a0, 0x0000019e9a0b5cb0, 0x0000019e9a0b69d0,
0x0000019e9a0b7060, 0x0000019e9a0b7d80, 0x0000019e9a0b6340, 0x0000019e95f63a50,
0x0000019e95f64e00, 0x0000019e95f65490, 0x0000019e95f65b20, 0x0000019e95f640e0,
0x0000019e95f633c0, 0x0000019e95f661b0, 0x0000019e95f62d30, 0x0000019e934bc330,
0x0000019e934baf80, 0x0000019e934b9540, 0x0000019e934ba260, 0x0000019e9702fba0,
0x0000019e970336b0, 0x0000019e97034a60, 0x0000019e97033d40, 0x0000019e970343d0,
0x0000019e970350f0, 0x0000019e9ffe2f20, 0x0000019e9ffe5680, 0x0000019e9ffe2200,
0x0000019e9ffe35b0, 0x0000019e9ffe3c40, 0x0000019e9ffe4ff0, 0x0000019e9ffe42d0,
0x0000019e9ffe2890, 0x0000019e9ffe5d10, 0x0000019e9ffe70c0, 0x0000019e9ffe7750,
0x0000019e9ffe7de0, 0x0000019e9ffe4960, 0x0000019e99b88050, 0x0000019e99b88df0,
0x0000019e9702dad0, 0x0000019e9702ee80, 0x0000019e97030f50, 0x0000019e97031c70,
0x0000019e97032300, 0x0000019e9702f510, 0x0000019e97032990, 0x0000019e9ffe8470,
0x0000019e9ffe9820, 0x0000019e9ffe8b00, 0x0000019e9ffe63a0, 0x0000019e9ffe9190,
0x0000019e9ffe6a30, 0x0000019effb45700, 0x0000019e95767c40, 0x0000019e95766890,
0x0000019e95766f20, 0x0000019e957675b0, 0x0000019e95765b70, 0x0000019e957682d0,
0x0000019e95768960, 0x0000019e95769680, 0x0000019e95766200, 0x0000019e9576c470,
0x0000019e9576cb00, 0x0000019e9576d190, 0x0000019e9576a3a0, 0x0000019e9576aa30,
0x0000019e95769d10, 0x0000019e9576d820, 0x0000019e9576deb0, 0x0000019e9576b0c0,
0x0000019e9576e540, 0x0000019e9576ebd0, 0x0000019e9576b750, 0x0000019e9576f260,
0x0000019e9576bde0, 0x0000019e95771330, 0x0000019e95770610, 0x0000019e957719c0,
0x0000019e95772050, 0x0000019e957726e0, 0x0000019e95772d70, 0x0000019e95770ca0,
0x0000019e9576f8f0, 0x0000019e95773400, 0x0000019e9576ff80, 0x0000019e95773a90,
0x0000019e95774e40, 0x0000019e95774120, 0x0000019e957309e0, 0x0000019e9572e910,
0x0000019e95731070, 0x0000019e95730350, 0x0000019e9572dbf0, 0x0000019e95731700,
0x0000019e9572f630, 0x0000019e9572e280, 0x0000019e9572fcc0, 0x0000019e9572efa0,
0x0000019e95732ab0, 0x0000019e95732420, 0x0000019e957344f0, 0x0000019e95e4fa30,
0x0000019e95733140, 0x0000019e95736c50, 0x0000019e95733e60, 0x0000019e95731d90,
0x0000019e957372e0, 0x0000019e95738000, 0x0000019e957358a0, 0x0000019e95735f30,
0x0000019e95734b80, 0x0000019e95737970, 0x0000019e95738690, 0x0000019e957365c0,
0x0000019e95735210, 0x0000019e95739a40, 0x0000019e957393b0, 0x0000019e9573a0d0,
0x0000019e95738d20, 0x0000019e9573a760, 0x0000019e9573c1a0, 0x0000019e9573c830,
0x0000019e9573cec0, 0x0000019e9573adf0, 0x0000019e9573bb10, 0x0000019e9573b480,
0x0000019ea0216de0, 0x0000019e95e4c3b0
}

Java Threads: ( => current thread )
  0x0000019ef40c81d0 JavaThread "main"                              [_thread_blocked, id=8912, stack(0x0000002c71200000,0x0000002c71300000) (1024K)]
  0x0000019eff8af090 JavaThread "Common-Cleaner"             daemon [_thread_blocked, id=3892, stack(0x0000002c71a00000,0x0000002c71b00000) (1024K)]
  0x0000019eff8bf9e0 JavaThread "Reference Handler"          daemon [_thread_blocked, id=9544, stack(0x0000002c71b00000,0x0000002c71c00000) (1024K)]
  0x0000019eff8c0840 JavaThread "Finalizer"                  daemon [_thread_blocked, id=12248, stack(0x0000002c71c00000,0x0000002c71d00000) (1024K)]
  0x0000019eff8eaab0 JavaThread "Signal Dispatcher"          daemon [_thread_blocked, id=3788, stack(0x0000002c71d00000,0x0000002c71e00000) (1024K)]
  0x0000019eff8eb510 JavaThread "Attach Listener"            daemon [_thread_blocked, id=19140, stack(0x0000002c71e00000,0x0000002c71f00000) (1024K)]
  0x0000019eff8ecae0 JavaThread "Service Thread"             daemon [_thread_blocked, id=16736, stack(0x0000002c71f00000,0x0000002c72000000) (1024K)]
  0x0000019eff8ee0b0 JavaThread "Monitor Deflation Thread"   daemon [_thread_blocked, id=16688, stack(0x0000002c72000000,0x0000002c72100000) (1024K)]
  0x0000019eff8f19c0 JavaThread "C2 CompilerThread0"         daemon [_thread_blocked, id=12560, stack(0x0000002c72100000,0x0000002c72200000) (1024K)]
  0x0000019eff8fafe0 JavaThread "C1 CompilerThread0"         daemon [_thread_blocked, id=2216, stack(0x0000002c72200000,0x0000002c72300000) (1024K)]
  0x0000019e9309a6b0 JavaThread "Notification Thread"        daemon [_thread_blocked, id=10572, stack(0x0000002c72600000,0x0000002c72700000) (1024K)]
  0x0000019e94d41380 JavaThread "Daemon health stats"               [_thread_blocked, id=18036, stack(0x0000002c72f00000,0x0000002c73000000) (1024K)]
  0x0000019e94c5c350 JavaThread "Incoming local TCP Connector on port 56777"        [_thread_in_native, id=1964, stack(0x0000002c73000000,0x0000002c73100000) (1024K)]
  0x0000019e94d29780 JavaThread "Daemon periodic checks"            [_thread_blocked, id=3832, stack(0x0000002c73100000,0x0000002c73200000) (1024K)]
  0x0000019e95181b90 JavaThread "Daemon"                            [_thread_blocked, id=7100, stack(0x0000002c73200000,0x0000002c73300000) (1024K)]
  0x0000019e95023e60 JavaThread "Handler for socket connection from /127.0.0.1:56777 to /127.0.0.1:56778"        [_thread_in_native, id=10296, stack(0x0000002c73300000,0x0000002c73400000) (1024K)]
  0x0000019e94bd94c0 JavaThread "Cancel handler"                    [_thread_blocked, id=9440, stack(0x0000002c73400000,0x0000002c73500000) (1024K)]
  0x0000019e94bd9b30 JavaThread "Daemon worker"                     [_thread_blocked, id=17788, stack(0x0000002c73500000,0x0000002c73600000) (1024K)]
  0x0000019e94e1f9b0 JavaThread "Asynchronous log dispatcher for DefaultDaemonConnection: socket connection from /127.0.0.1:56777 to /127.0.0.1:56778"        [_thread_blocked, id=15832, stack(0x0000002c73600000,0x0000002c73700000) (1024K)]
  0x0000019e94e20040 JavaThread "Stdin handler"                     [_thread_blocked, id=2668, stack(0x0000002c74000000,0x0000002c74100000) (1024K)]
  0x0000019e94e206d0 JavaThread "Daemon client event forwarder"        [_thread_blocked, id=9912, stack(0x0000002c74100000,0x0000002c74200000) (1024K)]
  0x0000019e94e1df70 JavaThread "Cache worker for journal cache (C:\Users\WIN11\.gradle\caches\journal-1)"        [_thread_blocked, id=7268, stack(0x0000002c74200000,0x0000002c74300000) (1024K)]
  0x0000019e94e1ec90 JavaThread "File lock request listener"        [_thread_in_native, id=17740, stack(0x0000002c74300000,0x0000002c74400000) (1024K)]
  0x0000019e94e213f0 JavaThread "Cache worker for file hash cache (C:\Users\WIN11\.gradle\caches\8.14.3\fileHashes)"        [_thread_blocked, id=3192, stack(0x0000002c74400000,0x0000002c74500000) (1024K)]
  0x0000019e94e1e600 JavaThread "Cache worker for file hash cache (D:\ClothingShopApp\.gradle\8.14.3\fileHashes)"        [_thread_blocked, id=5328, stack(0x0000002c74500000,0x0000002c74600000) (1024K)]
  0x0000019e94e1f320 JavaThread "Cache worker for Build Output Cleanup Cache (D:\ClothingShopApp\.gradle\buildOutputCleanup)"        [_thread_blocked, id=8872, stack(0x0000002c74600000,0x0000002c74700000) (1024K)]
  0x0000019e95316270 JavaThread "File watcher server"        daemon [_thread_in_native, id=7804, stack(0x0000002c74700000,0x0000002c74800000) (1024K)]
  0x0000019e95315be0 JavaThread "File watcher consumer"      daemon [_thread_blocked, id=15728, stack(0x0000002c74800000,0x0000002c74900000) (1024K)]
  0x0000019e95312df0 JavaThread "jar transforms"                    [_thread_blocked, id=12280, stack(0x0000002c74900000,0x0000002c74a00000) (1024K)]
  0x0000019e95316900 JavaThread "jar transforms Thread 2"           [_thread_blocked, id=8416, stack(0x0000002c74a00000,0x0000002c74b00000) (1024K)]
  0x0000019e953141a0 JavaThread "jar transforms Thread 3"           [_thread_blocked, id=6872, stack(0x0000002c74b00000,0x0000002c74c00000) (1024K)]
  0x0000019e95314ec0 JavaThread "jar transforms Thread 4"           [_thread_blocked, id=14812, stack(0x0000002c74c00000,0x0000002c74d00000) (1024K)]
  0x0000019e95313480 JavaThread "jar transforms Thread 5"           [_thread_blocked, id=16856, stack(0x0000002c74d00000,0x0000002c74e00000) (1024K)]
  0x0000019e95314830 JavaThread "jar transforms Thread 6"           [_thread_blocked, id=9532, stack(0x0000002c74e00000,0x0000002c74f00000) (1024K)]
  0x0000019e95313b10 JavaThread "jar transforms Thread 7"           [_thread_blocked, id=19216, stack(0x0000002c74f00000,0x0000002c75000000) (1024K)]
  0x0000019e95316f90 JavaThread "jar transforms Thread 8"           [_thread_blocked, id=10660, stack(0x0000002c75000000,0x0000002c75100000) (1024K)]
  0x0000019e95318340 JavaThread "jar transforms Thread 9"           [_thread_blocked, id=19420, stack(0x0000002c75100000,0x0000002c75200000) (1024K)]
  0x0000019e953189d0 JavaThread "jar transforms Thread 10"          [_thread_blocked, id=16844, stack(0x0000002c75200000,0x0000002c75300000) (1024K)]
  0x0000019e95317620 JavaThread "jar transforms Thread 11"          [_thread_blocked, id=1132, stack(0x0000002c75300000,0x0000002c75400000) (1024K)]
  0x0000019e95317cb0 JavaThread "jar transforms Thread 12"          [_thread_blocked, id=4888, stack(0x0000002c75400000,0x0000002c75500000) (1024K)]
  0x0000019e95315550 JavaThread "jar transforms Thread 13"          [_thread_blocked, id=14564, stack(0x0000002c75500000,0x0000002c75600000) (1024K)]
  0x0000019e95319060 JavaThread "jar transforms Thread 14"          [_thread_blocked, id=12540, stack(0x0000002c75600000,0x0000002c75700000) (1024K)]
  0x0000019e953196f0 JavaThread "jar transforms Thread 15"          [_thread_blocked, id=9496, stack(0x0000002c75700000,0x0000002c75800000) (1024K)]
  0x0000019e95319d80 JavaThread "jar transforms Thread 16"          [_thread_blocked, id=10868, stack(0x0000002c75800000,0x0000002c75900000) (1024K)]
  0x0000019e96b75d20 JavaThread "Cache worker for checksums cache (D:\ClothingShopApp\.gradle\8.14.3\checksums)"        [_thread_blocked, id=11284, stack(0x0000002c75a00000,0x0000002c75b00000) (1024K)]
  0x0000019e96b77760 JavaThread "Cache worker for file content cache (C:\Users\WIN11\.gradle\caches\8.14.3\fileContent)"        [_thread_blocked, id=18232, stack(0x0000002c75900000,0x0000002c75a00000) (1024K)]
  0x0000019e96b76a40 JavaThread "Cache worker for cache directory md-supplier (C:\Users\WIN11\.gradle\caches\8.14.3\md-supplier)"        [_thread_blocked, id=9848, stack(0x0000002c75b00000,0x0000002c75c00000) (1024K)]
  0x0000019e96b763b0 JavaThread "Cache worker for cache directory md-rule (C:\Users\WIN11\.gradle\caches\8.14.3\md-rule)"        [_thread_blocked, id=3388, stack(0x0000002c75c00000,0x0000002c75d00000) (1024K)]
  0x0000019e96b770d0 JavaThread "Unconstrained build operations"        [_thread_blocked, id=3880, stack(0x0000002c72e00000,0x0000002c72f00000) (1024K)]
  0x0000019e96b75000 JavaThread "Unconstrained build operations Thread 2"        [_thread_blocked, id=14212, stack(0x0000002c75d00000,0x0000002c75e00000) (1024K)]
  0x0000019e96b742e0 JavaThread "Unconstrained build operations Thread 3"        [_thread_blocked, id=19408, stack(0x0000002c75e00000,0x0000002c75f00000) (1024K)]
  0x0000019e96b77df0 JavaThread "Unconstrained build operations Thread 4"        [_thread_blocked, id=12244, stack(0x0000002c75f00000,0x0000002c76000000) (1024K)]
  0x0000019e96b74970 JavaThread "Unconstrained build operations Thread 5"        [_thread_blocked, id=18616, stack(0x0000002c76400000,0x0000002c76500000) (1024K)]
  0x0000019e96b79830 JavaThread "Unconstrained build operations Thread 6"        [_thread_blocked, id=11632, stack(0x0000002c76500000,0x0000002c76600000) (1024K)]
  0x0000019e96b79ec0 JavaThread "Unconstrained build operations Thread 7"        [_thread_blocked, id=8364, stack(0x0000002c76600000,0x0000002c76700000) (1024K)]
  0x0000019e96b7a550 JavaThread "Unconstrained build operations Thread 8"        [_thread_blocked, id=10832, stack(0x0000002c76700000,0x0000002c76800000) (1024K)]
  0x0000019e96b7abe0 JavaThread "Unconstrained build operations Thread 9"        [_thread_blocked, id=17172, stack(0x0000002c76800000,0x0000002c76900000) (1024K)]
  0x0000019e96b2f520 JavaThread "Unconstrained build operations Thread 10"        [_thread_blocked, id=4928, stack(0x0000002c76900000,0x0000002c76a00000) (1024K)]
  0x0000019e96b2fbb0 JavaThread "Unconstrained build operations Thread 11"        [_thread_blocked, id=2524, stack(0x0000002c76a00000,0x0000002c76b00000) (1024K)]
  0x0000019e96b2d450 JavaThread "Unconstrained build operations Thread 12"        [_thread_blocked, id=3588, stack(0x0000002c76b00000,0x0000002c76c00000) (1024K)]
  0x0000019e96b30240 JavaThread "Unconstrained build operations Thread 13"        [_thread_blocked, id=13352, stack(0x0000002c76c00000,0x0000002c76d00000) (1024K)]
  0x0000019e96b2dae0 JavaThread "Unconstrained build operations Thread 14"        [_thread_blocked, id=14312, stack(0x0000002c76d00000,0x0000002c76e00000) (1024K)]
  0x0000019e96b2e170 JavaThread "Unconstrained build operations Thread 15"        [_thread_blocked, id=5316, stack(0x0000002c76e00000,0x0000002c76f00000) (1024K)]
  0x0000019e96b2e800 JavaThread "Unconstrained build operations Thread 16"        [_thread_blocked, id=14344, stack(0x0000002c76f00000,0x0000002c77000000) (1024K)]
  0x0000019e96b2ee90 JavaThread "Unconstrained build operations Thread 17"        [_thread_blocked, id=3688, stack(0x0000002c77000000,0x0000002c77100000) (1024K)]
  0x0000019e96b2cdc0 JavaThread "Unconstrained build operations Thread 18"        [_thread_blocked, id=6680, stack(0x0000002c77100000,0x0000002c77200000) (1024K)]
  0x0000019e96b31c80 JavaThread "Unconstrained build operations Thread 19"        [_thread_blocked, id=784, stack(0x0000002c77200000,0x0000002c77300000) (1024K)]
  0x0000019e96b32310 JavaThread "Unconstrained build operations Thread 20"        [_thread_blocked, id=3912, stack(0x0000002c77300000,0x0000002c77400000) (1024K)]
  0x0000019e96b329a0 JavaThread "Unconstrained build operations Thread 21"        [_thread_blocked, id=18696, stack(0x0000002c77400000,0x0000002c77500000) (1024K)]
  0x0000019effb45d90 JavaThread "Unconstrained build operations Thread 22"        [_thread_blocked, id=18980, stack(0x0000002c76100000,0x0000002c76200000) (1024K)]
  0x0000019effb477d0 JavaThread "Unconstrained build operations Thread 23"        [_thread_blocked, id=18668, stack(0x0000002c76300000,0x0000002c76400000) (1024K)]
  0x0000019effb46420 JavaThread "Unconstrained build operations Thread 24"        [_thread_blocked, id=19448, stack(0x0000002c77500000,0x0000002c77600000) (1024K)]
  0x0000019effb44350 JavaThread "Unconstrained build operations Thread 25"        [_thread_blocked, id=11180, stack(0x0000002c77600000,0x0000002c77700000) (1024K)]
  0x0000019effb46ab0 JavaThread "Unconstrained build operations Thread 26"        [_thread_blocked, id=18632, stack(0x0000002c77700000,0x0000002c77800000) (1024K)]
  0x0000019effb47e60 JavaThread "Unconstrained build operations Thread 27"        [_thread_blocked, id=432, stack(0x0000002c77800000,0x0000002c77900000) (1024K)]
  0x0000019effb449e0 JavaThread "Unconstrained build operations Thread 28"        [_thread_blocked, id=14956, stack(0x0000002c77900000,0x0000002c77a00000) (1024K)]
  0x0000019effb484f0 JavaThread "Unconstrained build operations Thread 29"        [_thread_blocked, id=19148, stack(0x0000002c77a00000,0x0000002c77b00000) (1024K)]
  0x0000019effb498a0 JavaThread "Unconstrained build operations Thread 30"        [_thread_blocked, id=19060, stack(0x0000002c77b00000,0x0000002c77c00000) (1024K)]
  0x0000019effb48b80 JavaThread "Unconstrained build operations Thread 31"        [_thread_blocked, id=6360, stack(0x0000002c77c00000,0x0000002c77d00000) (1024K)]
  0x0000019effb49210 JavaThread "Unconstrained build operations Thread 32"        [_thread_blocked, id=2064, stack(0x0000002c77d00000,0x0000002c77e00000) (1024K)]
  0x0000019effb49f30 JavaThread "Unconstrained build operations Thread 33"        [_thread_blocked, id=15144, stack(0x0000002c77e00000,0x0000002c77f00000) (1024K)]
  0x0000019effb4a5c0 JavaThread "Unconstrained build operations Thread 34"        [_thread_blocked, id=18768, stack(0x0000002c77f00000,0x0000002c78000000) (1024K)]
  0x0000019effb4ac50 JavaThread "Unconstrained build operations Thread 35"        [_thread_blocked, id=17568, stack(0x0000002c78000000,0x0000002c78100000) (1024K)]
  0x0000019effb4b970 JavaThread "Unconstrained build operations Thread 36"        [_thread_blocked, id=12060, stack(0x0000002c78100000,0x0000002c78200000) (1024K)]
  0x0000019effb4b2e0 JavaThread "Unconstrained build operations Thread 37"        [_thread_blocked, id=3716, stack(0x0000002c78200000,0x0000002c78300000) (1024K)]
  0x0000019e9a0b2830 JavaThread "Unconstrained build operations Thread 38"        [_thread_blocked, id=2544, stack(0x0000002c78300000,0x0000002c78400000) (1024K)]
  0x0000019e9a0b3550 JavaThread "Unconstrained build operations Thread 39"        [_thread_blocked, id=3752, stack(0x0000002c78400000,0x0000002c78500000) (1024K)]
  0x0000019e9a0b0760 JavaThread "Unconstrained build operations Thread 40"        [_thread_blocked, id=2788, stack(0x0000002c78500000,0x0000002c78600000) (1024K)]
  0x0000019e9a0b2ec0 JavaThread "Unconstrained build operations Thread 41"        [_thread_blocked, id=9296, stack(0x0000002c78600000,0x0000002c78700000) (1024K)]
  0x0000019e9a0b1480 JavaThread "Unconstrained build operations Thread 42"        [_thread_blocked, id=11436, stack(0x0000002c78700000,0x0000002c78800000) (1024K)]
  0x0000019e9a0b4270 JavaThread "Unconstrained build operations Thread 43"        [_thread_blocked, id=19232, stack(0x0000002c78800000,0x0000002c78900000) (1024K)]
  0x0000019e9a0b1b10 JavaThread "Unconstrained build operations Thread 44"        [_thread_blocked, id=19264, stack(0x0000002c78900000,0x0000002c78a00000) (1024K)]
  0x0000019e9a0b3be0 JavaThread "Unconstrained build operations Thread 45"        [_thread_blocked, id=16940, stack(0x0000002c78a00000,0x0000002c78b00000) (1024K)]
  0x0000019e9a0b0df0 JavaThread "Unconstrained build operations Thread 46"        [_thread_blocked, id=4168, stack(0x0000002c78b00000,0x0000002c78c00000) (1024K)]
  0x0000019e9a0b4900 JavaThread "Unconstrained build operations Thread 47"        [_thread_blocked, id=7808, stack(0x0000002c78c00000,0x0000002c78d00000) (1024K)]
  0x0000019e9a0b4f90 JavaThread "Unconstrained build operations Thread 48"        [_thread_blocked, id=10344, stack(0x0000002c78d00000,0x0000002c78e00000) (1024K)]
  0x0000019e9a0b5620 JavaThread "Unconstrained build operations Thread 49"        [_thread_blocked, id=16624, stack(0x0000002c78e00000,0x0000002c78f00000) (1024K)]
  0x0000019e9a0b21a0 JavaThread "Unconstrained build operations Thread 50"        [_thread_blocked, id=6844, stack(0x0000002c78f00000,0x0000002c79000000) (1024K)]
  0x0000019e9a0b5cb0 JavaThread "Unconstrained build operations Thread 51"        [_thread_blocked, id=6032, stack(0x0000002c79000000,0x0000002c79100000) (1024K)]
  0x0000019e9a0b69d0 JavaThread "Unconstrained build operations Thread 52"        [_thread_blocked, id=19192, stack(0x0000002c79100000,0x0000002c79200000) (1024K)]
  0x0000019e9a0b7060 JavaThread "Unconstrained build operations Thread 53"        [_thread_blocked, id=17560, stack(0x0000002c79200000,0x0000002c79300000) (1024K)]
  0x0000019e9a0b7d80 JavaThread "Unconstrained build operations Thread 54"        [_thread_blocked, id=9168, stack(0x0000002c79300000,0x0000002c79400000) (1024K)]
  0x0000019e9a0b6340 JavaThread "Unconstrained build operations Thread 55"        [_thread_blocked, id=17656, stack(0x0000002c79400000,0x0000002c79500000) (1024K)]
  0x0000019e95f63a50 JavaThread "Unconstrained build operations Thread 56"        [_thread_blocked, id=12936, stack(0x0000002c79500000,0x0000002c79600000) (1024K)]
  0x0000019e95f64e00 JavaThread "Unconstrained build operations Thread 57"        [_thread_blocked, id=10076, stack(0x0000002c79600000,0x0000002c79700000) (1024K)]
  0x0000019e95f65490 JavaThread "Unconstrained build operations Thread 58"        [_thread_blocked, id=3872, stack(0x0000002c79700000,0x0000002c79800000) (1024K)]
  0x0000019e95f65b20 JavaThread "Unconstrained build operations Thread 59"        [_thread_blocked, id=2888, stack(0x0000002c79800000,0x0000002c79900000) (1024K)]
  0x0000019e95f640e0 JavaThread "Unconstrained build operations Thread 60"        [_thread_blocked, id=17760, stack(0x0000002c79900000,0x0000002c79a00000) (1024K)]
  0x0000019e95f633c0 JavaThread "Unconstrained build operations Thread 61"        [_thread_blocked, id=19108, stack(0x0000002c79a00000,0x0000002c79b00000) (1024K)]
  0x0000019e95f661b0 JavaThread "Unconstrained build operations Thread 62"        [_thread_blocked, id=17600, stack(0x0000002c79b00000,0x0000002c79c00000) (1024K)]
  0x0000019e95f62d30 JavaThread "Unconstrained build operations Thread 63"        [_thread_blocked, id=18544, stack(0x0000002c79c00000,0x0000002c79d00000) (1024K)]
  0x0000019e934bc330 JavaThread "Unconstrained build operations Thread 64"        [_thread_blocked, id=10128, stack(0x0000002c79d00000,0x0000002c79e00000) (1024K)]
  0x0000019e934baf80 JavaThread "Unconstrained build operations Thread 65"        [_thread_blocked, id=3728, stack(0x0000002c79e00000,0x0000002c79f00000) (1024K)]
  0x0000019e934b9540 JavaThread "Unconstrained build operations Thread 66"        [_thread_blocked, id=5352, stack(0x0000002c79f00000,0x0000002c7a000000) (1024K)]
  0x0000019e934ba260 JavaThread "Memory manager"                    [_thread_blocked, id=15588, stack(0x0000002c72800000,0x0000002c72900000) (1024K)]
  0x0000019e9702fba0 JavaThread "included builds"                   [_thread_blocked, id=8500, stack(0x0000002c7a000000,0x0000002c7a100000) (1024K)]
  0x0000019e970336b0 JavaThread "Execution worker"                  [_thread_blocked, id=18600, stack(0x0000002c7a100000,0x0000002c7a200000) (1024K)]
  0x0000019e97034a60 JavaThread "Execution worker Thread 2"         [_thread_blocked, id=5284, stack(0x0000002c7a200000,0x0000002c7a300000) (1024K)]
  0x0000019e97033d40 JavaThread "Execution worker Thread 3"         [_thread_blocked, id=13420, stack(0x0000002c7a300000,0x0000002c7a400000) (1024K)]
  0x0000019e970343d0 JavaThread "Execution worker Thread 4"         [_thread_blocked, id=2308, stack(0x0000002c7a400000,0x0000002c7a500000) (1024K)]
  0x0000019e970350f0 JavaThread "Execution worker Thread 5"         [_thread_blocked, id=13564, stack(0x0000002c7a500000,0x0000002c7a600000) (1024K)]
  0x0000019e9ffe2f20 JavaThread "Execution worker Thread 6"         [_thread_blocked, id=8992, stack(0x0000002c7a600000,0x0000002c7a700000) (1024K)]
  0x0000019e9ffe5680 JavaThread "Execution worker Thread 7"         [_thread_blocked, id=15916, stack(0x0000002c7a700000,0x0000002c7a800000) (1024K)]
  0x0000019e9ffe2200 JavaThread "Execution worker Thread 8"         [_thread_blocked, id=468, stack(0x0000002c7a800000,0x0000002c7a900000) (1024K)]
  0x0000019e9ffe35b0 JavaThread "Execution worker Thread 9"         [_thread_blocked, id=18144, stack(0x0000002c7a900000,0x0000002c7aa00000) (1024K)]
  0x0000019e9ffe3c40 JavaThread "Execution worker Thread 10"        [_thread_blocked, id=15688, stack(0x0000002c7aa00000,0x0000002c7ab00000) (1024K)]
  0x0000019e9ffe4ff0 JavaThread "Execution worker Thread 11"        [_thread_blocked, id=4944, stack(0x0000002c7ab00000,0x0000002c7ac00000) (1024K)]
  0x0000019e9ffe42d0 JavaThread "Execution worker Thread 12"        [_thread_blocked, id=3812, stack(0x0000002c7ac00000,0x0000002c7ad00000) (1024K)]
  0x0000019e9ffe2890 JavaThread "Execution worker Thread 13"        [_thread_blocked, id=17488, stack(0x0000002c7ad00000,0x0000002c7ae00000) (1024K)]
  0x0000019e9ffe5d10 JavaThread "Execution worker Thread 14"        [_thread_blocked, id=19012, stack(0x0000002c7ae00000,0x0000002c7af00000) (1024K)]
  0x0000019e9ffe70c0 JavaThread "Execution worker Thread 15"        [_thread_blocked, id=18152, stack(0x0000002c7af00000,0x0000002c7b000000) (1024K)]
  0x0000019e9ffe7750 JavaThread "Cache worker for execution history cache (D:\ClothingShopApp\.gradle\8.14.3\executionHistory)"        [_thread_blocked, id=13712, stack(0x0000002c7b000000,0x0000002c7b100000) (1024K)]
  0x0000019e9ffe7de0 JavaThread "idea-tooling-model-converter"        [_thread_blocked, id=5956, stack(0x0000002c7b100000,0x0000002c7b200000) (1024K)]
  0x0000019e9ffe4960 JavaThread "Unconstrained build operations Thread 67"        [_thread_blocked, id=10784, stack(0x0000002c7b200000,0x0000002c7b300000) (1024K)]
  0x0000019e99b88050 JavaThread "C1 CompilerThread1"         daemon [_thread_blocked, id=14504, stack(0x0000002c72300000,0x0000002c72400000) (1024K)]
  0x0000019e99b88df0 JavaThread "C1 CompilerThread2"         daemon [_thread_blocked, id=6316, stack(0x0000002c72400000,0x0000002c72500000) (1024K)]
  0x0000019e9702dad0 JavaThread "Unconstrained build operations Thread 68"        [_thread_blocked, id=18292, stack(0x0000002c7b400000,0x0000002c7b500000) (1024K)]
  0x0000019e9702ee80 JavaThread "Unconstrained build operations Thread 69"        [_thread_blocked, id=3124, stack(0x0000002c7b500000,0x0000002c7b600000) (1024K)]
  0x0000019e97030f50 JavaThread "Unconstrained build operations Thread 70"        [_thread_blocked, id=17300, stack(0x0000002c76000000,0x0000002c76100000) (1024K)]
  0x0000019e97031c70 JavaThread "Unconstrained build operations Thread 71"        [_thread_blocked, id=9236, stack(0x0000002c7b300000,0x0000002c7b400000) (1024K)]
  0x0000019e97032300 JavaThread "Unconstrained build operations Thread 72"        [_thread_blocked, id=19128, stack(0x0000002c7b600000,0x0000002c7b700000) (1024K)]
  0x0000019e9702f510 JavaThread "Unconstrained build operations Thread 73"        [_thread_blocked, id=15116, stack(0x0000002c7b700000,0x0000002c7b800000) (1024K)]
  0x0000019e97032990 JavaThread "Unconstrained build operations Thread 74"        [_thread_blocked, id=7548, stack(0x0000002c7b800000,0x0000002c7b900000) (1024K)]
  0x0000019e9ffe8470 JavaThread "Unconstrained build operations Thread 75"        [_thread_blocked, id=304, stack(0x0000002c7b900000,0x0000002c7ba00000) (1024K)]
  0x0000019e9ffe9820 JavaThread "Unconstrained build operations Thread 76"        [_thread_blocked, id=3580, stack(0x0000002c7ba00000,0x0000002c7bb00000) (1024K)]
  0x0000019e9ffe8b00 JavaThread "Unconstrained build operations Thread 77"        [_thread_blocked, id=15808, stack(0x0000002c7bb00000,0x0000002c7bc00000) (1024K)]
  0x0000019e9ffe63a0 JavaThread "Unconstrained build operations Thread 78"        [_thread_blocked, id=2468, stack(0x0000002c7bc00000,0x0000002c7bd00000) (1024K)]
  0x0000019e9ffe9190 JavaThread "Unconstrained build operations Thread 79"        [_thread_blocked, id=19436, stack(0x0000002c7bd00000,0x0000002c7be00000) (1024K)]
  0x0000019e9ffe6a30 JavaThread "Unconstrained build operations Thread 80"        [_thread_blocked, id=17816, stack(0x0000002c7be00000,0x0000002c7bf00000) (1024K)]
  0x0000019effb45700 JavaThread "Unconstrained build operations Thread 81"        [_thread_blocked, id=18572, stack(0x0000002c7bf00000,0x0000002c7c000000) (1024K)]
  0x0000019e95767c40 JavaThread "Unconstrained build operations Thread 82"        [_thread_blocked, id=16428, stack(0x0000002c7c000000,0x0000002c7c100000) (1024K)]
  0x0000019e95766890 JavaThread "Unconstrained build operations Thread 83"        [_thread_blocked, id=6852, stack(0x0000002c7c100000,0x0000002c7c200000) (1024K)]
  0x0000019e95766f20 JavaThread "Unconstrained build operations Thread 84"        [_thread_blocked, id=19412, stack(0x0000002c7c200000,0x0000002c7c300000) (1024K)]
  0x0000019e957675b0 JavaThread "Unconstrained build operations Thread 85"        [_thread_blocked, id=18864, stack(0x0000002c7c300000,0x0000002c7c400000) (1024K)]
  0x0000019e95765b70 JavaThread "Unconstrained build operations Thread 86"        [_thread_blocked, id=920, stack(0x0000002c7c400000,0x0000002c7c500000) (1024K)]
  0x0000019e957682d0 JavaThread "Unconstrained build operations Thread 87"        [_thread_blocked, id=18592, stack(0x0000002c7c500000,0x0000002c7c600000) (1024K)]
  0x0000019e95768960 JavaThread "Unconstrained build operations Thread 88"        [_thread_blocked, id=13864, stack(0x0000002c7c600000,0x0000002c7c700000) (1024K)]
  0x0000019e95769680 JavaThread "Unconstrained build operations Thread 89"        [_thread_blocked, id=10896, stack(0x0000002c7c700000,0x0000002c7c800000) (1024K)]
  0x0000019e95766200 JavaThread "Unconstrained build operations Thread 90"        [_thread_blocked, id=3116, stack(0x0000002c7c800000,0x0000002c7c900000) (1024K)]
  0x0000019e9576c470 JavaThread "Unconstrained build operations Thread 91"        [_thread_blocked, id=15212, stack(0x0000002c7c900000,0x0000002c7ca00000) (1024K)]
  0x0000019e9576cb00 JavaThread "Unconstrained build operations Thread 92"        [_thread_blocked, id=19396, stack(0x0000002c7ca00000,0x0000002c7cb00000) (1024K)]
  0x0000019e9576d190 JavaThread "Unconstrained build operations Thread 93"        [_thread_blocked, id=9096, stack(0x0000002c7cb00000,0x0000002c7cc00000) (1024K)]
  0x0000019e9576a3a0 JavaThread "Unconstrained build operations Thread 94"        [_thread_blocked, id=1268, stack(0x0000002c7cc00000,0x0000002c7cd00000) (1024K)]
  0x0000019e9576aa30 JavaThread "Unconstrained build operations Thread 95"        [_thread_blocked, id=3044, stack(0x0000002c7cd00000,0x0000002c7ce00000) (1024K)]
  0x0000019e95769d10 JavaThread "Unconstrained build operations Thread 96"        [_thread_blocked, id=10040, stack(0x0000002c7ce00000,0x0000002c7cf00000) (1024K)]
  0x0000019e9576d820 JavaThread "Unconstrained build operations Thread 97"        [_thread_blocked, id=452, stack(0x0000002c7cf00000,0x0000002c7d000000) (1024K)]
  0x0000019e9576deb0 JavaThread "Unconstrained build operations Thread 98"        [_thread_blocked, id=7744, stack(0x0000002c7d000000,0x0000002c7d100000) (1024K)]
  0x0000019e9576b0c0 JavaThread "Unconstrained build operations Thread 99"        [_thread_blocked, id=8868, stack(0x0000002c7d100000,0x0000002c7d200000) (1024K)]
  0x0000019e9576e540 JavaThread "Unconstrained build operations Thread 100"        [_thread_blocked, id=3004, stack(0x0000002c7d200000,0x0000002c7d300000) (1024K)]
  0x0000019e9576ebd0 JavaThread "Unconstrained build operations Thread 101"        [_thread_blocked, id=8092, stack(0x0000002c7d300000,0x0000002c7d400000) (1024K)]
  0x0000019e9576b750 JavaThread "Unconstrained build operations Thread 102"        [_thread_blocked, id=7456, stack(0x0000002c7d400000,0x0000002c7d500000) (1024K)]
  0x0000019e9576f260 JavaThread "Unconstrained build operations Thread 103"        [_thread_blocked, id=8464, stack(0x0000002c7d500000,0x0000002c7d600000) (1024K)]
  0x0000019e9576bde0 JavaThread "Unconstrained build operations Thread 104"        [_thread_blocked, id=18652, stack(0x0000002c7d600000,0x0000002c7d700000) (1024K)]
  0x0000019e95771330 JavaThread "Unconstrained build operations Thread 105"        [_thread_blocked, id=14584, stack(0x0000002c7d700000,0x0000002c7d800000) (1024K)]
  0x0000019e95770610 JavaThread "Unconstrained build operations Thread 106"        [_thread_blocked, id=3452, stack(0x0000002c7d800000,0x0000002c7d900000) (1024K)]
  0x0000019e957719c0 JavaThread "Unconstrained build operations Thread 107"        [_thread_blocked, id=968, stack(0x0000002c7d900000,0x0000002c7da00000) (1024K)]
  0x0000019e95772050 JavaThread "Unconstrained build operations Thread 108"        [_thread_blocked, id=15848, stack(0x0000002c7da00000,0x0000002c7db00000) (1024K)]
  0x0000019e957726e0 JavaThread "Unconstrained build operations Thread 109"        [_thread_blocked, id=15168, stack(0x0000002c7db00000,0x0000002c7dc00000) (1024K)]
  0x0000019e95772d70 JavaThread "Unconstrained build operations Thread 110"        [_thread_blocked, id=9748, stack(0x0000002c7dc00000,0x0000002c7dd00000) (1024K)]
  0x0000019e95770ca0 JavaThread "Unconstrained build operations Thread 111"        [_thread_blocked, id=2412, stack(0x0000002c7dd00000,0x0000002c7de00000) (1024K)]
  0x0000019e9576f8f0 JavaThread "Unconstrained build operations Thread 112"        [_thread_blocked, id=14772, stack(0x0000002c7de00000,0x0000002c7df00000) (1024K)]
  0x0000019e95773400 JavaThread "Unconstrained build operations Thread 113"        [_thread_blocked, id=2148, stack(0x0000002c7df00000,0x0000002c7e000000) (1024K)]
  0x0000019e9576ff80 JavaThread "Unconstrained build operations Thread 114"        [_thread_blocked, id=14592, stack(0x0000002c7e000000,0x0000002c7e100000) (1024K)]
  0x0000019e95773a90 JavaThread "Unconstrained build operations Thread 115"        [_thread_blocked, id=3236, stack(0x0000002c72700000,0x0000002c72800000) (1024K)]
  0x0000019e95774e40 JavaThread "Unconstrained build operations Thread 116"        [_thread_blocked, id=19260, stack(0x0000002c7e100000,0x0000002c7e200000) (1024K)]
  0x0000019e95774120 JavaThread "Unconstrained build operations Thread 117"        [_thread_blocked, id=1952, stack(0x0000002c7e200000,0x0000002c7e300000) (1024K)]
  0x0000019e957309e0 JavaThread "Unconstrained build operations Thread 118"        [_thread_blocked, id=19352, stack(0x0000002c7e300000,0x0000002c7e400000) (1024K)]
  0x0000019e9572e910 JavaThread "Unconstrained build operations Thread 119"        [_thread_blocked, id=5488, stack(0x0000002c7e400000,0x0000002c7e500000) (1024K)]
  0x0000019e95731070 JavaThread "Unconstrained build operations Thread 120"        [_thread_blocked, id=5640, stack(0x0000002c7e500000,0x0000002c7e600000) (1024K)]
  0x0000019e95730350 JavaThread "Unconstrained build operations Thread 121"        [_thread_blocked, id=13436, stack(0x0000002c7e600000,0x0000002c7e700000) (1024K)]
  0x0000019e9572dbf0 JavaThread "Unconstrained build operations Thread 122"        [_thread_blocked, id=10420, stack(0x0000002c7e700000,0x0000002c7e800000) (1024K)]
  0x0000019e95731700 JavaThread "Unconstrained build operations Thread 123"        [_thread_blocked, id=5864, stack(0x0000002c7e800000,0x0000002c7e900000) (1024K)]
  0x0000019e9572f630 JavaThread "Unconstrained build operations Thread 124"        [_thread_blocked, id=6804, stack(0x0000002c7e900000,0x0000002c7ea00000) (1024K)]
  0x0000019e9572e280 JavaThread "Unconstrained build operations Thread 125"        [_thread_blocked, id=4056, stack(0x0000002c7ea00000,0x0000002c7eb00000) (1024K)]
  0x0000019e9572fcc0 JavaThread "Unconstrained build operations Thread 126"        [_thread_blocked, id=10624, stack(0x0000002c7eb00000,0x0000002c7ec00000) (1024K)]
  0x0000019e9572efa0 JavaThread "Unconstrained build operations Thread 127"        [_thread_blocked, id=12120, stack(0x0000002c7ec00000,0x0000002c7ed00000) (1024K)]
  0x0000019e95732ab0 JavaThread "Unconstrained build operations Thread 128"        [_thread_blocked, id=3080, stack(0x0000002c7ed00000,0x0000002c7ee00000) (1024K)]
  0x0000019e95732420 JavaThread "Unconstrained build operations Thread 129"        [_thread_blocked, id=15236, stack(0x0000002c7ee00000,0x0000002c7ef00000) (1024K)]
  0x0000019e957344f0 JavaThread "Unconstrained build operations Thread 130"        [_thread_blocked, id=7304, stack(0x0000002c7ef00000,0x0000002c7f000000) (1024K)]
  0x0000019e95e4fa30 JavaThread "C2 CompilerThread1"         daemon [_thread_blocked, id=11704, stack(0x0000002c7f000000,0x0000002c7f100000) (1024K)]
  0x0000019e95733140 JavaThread "Unconstrained build operations Thread 131"        [_thread_blocked, id=16876, stack(0x0000002c7f200000,0x0000002c7f300000) (1024K)]
  0x0000019e95736c50 JavaThread "Unconstrained build operations Thread 132"        [_thread_blocked, id=13004, stack(0x0000002c7f300000,0x0000002c7f400000) (1024K)]
  0x0000019e95733e60 JavaThread "Unconstrained build operations Thread 133"        [_thread_blocked, id=11424, stack(0x0000002c7f400000,0x0000002c7f500000) (1024K)]
  0x0000019e95731d90 JavaThread "Unconstrained build operations Thread 134"        [_thread_blocked, id=11228, stack(0x0000002c7f500000,0x0000002c7f600000) (1024K)]
  0x0000019e957372e0 JavaThread "Unconstrained build operations Thread 135"        [_thread_blocked, id=1136, stack(0x0000002c7f600000,0x0000002c7f700000) (1024K)]
  0x0000019e95738000 JavaThread "Unconstrained build operations Thread 136"        [_thread_blocked, id=7648, stack(0x0000002c7f700000,0x0000002c7f800000) (1024K)]
  0x0000019e957358a0 JavaThread "Unconstrained build operations Thread 137"        [_thread_blocked, id=14316, stack(0x0000002c7f800000,0x0000002c7f900000) (1024K)]
  0x0000019e95735f30 JavaThread "Unconstrained build operations Thread 138"        [_thread_blocked, id=12056, stack(0x0000002c7f900000,0x0000002c7fa00000) (1024K)]
  0x0000019e95734b80 JavaThread "Unconstrained build operations Thread 139"        [_thread_blocked, id=2072, stack(0x0000002c7fa00000,0x0000002c7fb00000) (1024K)]
  0x0000019e95737970 JavaThread "Unconstrained build operations Thread 140"        [_thread_blocked, id=2024, stack(0x0000002c7fb00000,0x0000002c7fc00000) (1024K)]
  0x0000019e95738690 JavaThread "Unconstrained build operations Thread 141"        [_thread_blocked, id=4860, stack(0x0000002c7fc00000,0x0000002c7fd00000) (1024K)]
  0x0000019e957365c0 JavaThread "Unconstrained build operations Thread 142"        [_thread_blocked, id=6832, stack(0x0000002c7fd00000,0x0000002c7fe00000) (1024K)]
  0x0000019e95735210 JavaThread "Unconstrained build operations Thread 143"        [_thread_blocked, id=14964, stack(0x0000002c7fe00000,0x0000002c7ff00000) (1024K)]
  0x0000019e95739a40 JavaThread "Unconstrained build operations Thread 144"        [_thread_blocked, id=5880, stack(0x0000002c7ff00000,0x0000002c80000000) (1024K)]
  0x0000019e957393b0 JavaThread "Unconstrained build operations Thread 145"        [_thread_blocked, id=3760, stack(0x0000002c00000000,0x0000002c00100000) (1024K)]
  0x0000019e9573a0d0 JavaThread "Unconstrained build operations Thread 146"        [_thread_blocked, id=6356, stack(0x0000002c00100000,0x0000002c00200000) (1024K)]
  0x0000019e95738d20 JavaThread "Unconstrained build operations Thread 147"        [_thread_blocked, id=4800, stack(0x0000002c00200000,0x0000002c00300000) (1024K)]
  0x0000019e9573a760 JavaThread "Unconstrained build operations Thread 148"        [_thread_blocked, id=16540, stack(0x0000002c00300000,0x0000002c00400000) (1024K)]
  0x0000019e9573c1a0 JavaThread "Unconstrained build operations Thread 149"        [_thread_blocked, id=16880, stack(0x0000002c00400000,0x0000002c00500000) (1024K)]
  0x0000019e9573c830 JavaThread "Unconstrained build operations Thread 150"        [_thread_blocked, id=12264, stack(0x0000002c00500000,0x0000002c00600000) (1024K)]
  0x0000019e9573cec0 JavaThread "Unconstrained build operations Thread 151"        [_thread_blocked, id=11636, stack(0x0000002c00600000,0x0000002c00700000) (1024K)]
  0x0000019e9573adf0 JavaThread "Unconstrained build operations Thread 152"        [_thread_blocked, id=17992, stack(0x0000002c00700000,0x0000002c00800000) (1024K)]
  0x0000019e9573bb10 JavaThread "Unconstrained build operations Thread 153"        [_thread_blocked, id=19032, stack(0x0000002c00800000,0x0000002c00900000) (1024K)]
  0x0000019e9573b480 JavaThread "Unconstrained build operations Thread 154"        [_thread_blocked, id=8184, stack(0x0000002c00900000,0x0000002c00a00000) (1024K)]
  0x0000019ea0216de0 JavaThread "Unconstrained build operations Thread 155"        [_thread_blocked, id=14440, stack(0x0000002c00a00000,0x0000002c00b00000) (1024K)]
  0x0000019e95e4c3b0 JavaThread "C2 CompilerThread2"         daemon [_thread_blocked, id=9340, stack(0x0000002c00b00000,0x0000002c00c00000) (1024K)]
Total: 226

Other Threads:
=>0x0000019eff864090 VMThread "VM Thread"                           [id=19044, stack(0x0000002c71900000,0x0000002c71a00000) (1024K)]
  0x0000019eff8110a0 WatcherThread "VM Periodic Task Thread"        [id=2444, stack(0x0000002c71800000,0x0000002c71900000) (1024K)]
  0x0000019ef6625460 WorkerThread "GC Thread#0"                     [id=10484, stack(0x0000002c71300000,0x0000002c71400000) (1024K)]
  0x0000019e93191270 WorkerThread "GC Thread#1"                     [id=16932, stack(0x0000002c72900000,0x0000002c72a00000) (1024K)]
  0x0000019e93273f10 WorkerThread "GC Thread#2"                     [id=14620, stack(0x0000002c72a00000,0x0000002c72b00000) (1024K)]
  0x0000019e932742b0 WorkerThread "GC Thread#3"                     [id=11192, stack(0x0000002c72b00000,0x0000002c72c00000) (1024K)]
  0x0000019e931ea2c0 WorkerThread "GC Thread#4"                     [id=2080, stack(0x0000002c72c00000,0x0000002c72d00000) (1024K)]
  0x0000019e931ea660 WorkerThread "GC Thread#5"                     [id=2608, stack(0x0000002c72d00000,0x0000002c72e00000) (1024K)]
  0x0000019e94f31b50 WorkerThread "GC Thread#6"                     [id=2232, stack(0x0000002c73700000,0x0000002c73800000) (1024K)]
  0x0000019e94f31070 WorkerThread "GC Thread#7"                     [id=2808, stack(0x0000002c73800000,0x0000002c73900000) (1024K)]
  0x0000019e94f31410 WorkerThread "GC Thread#8"                     [id=8148, stack(0x0000002c73900000,0x0000002c73a00000) (1024K)]
  0x0000019e94f317b0 WorkerThread "GC Thread#9"                     [id=4176, stack(0x0000002c73a00000,0x0000002c73b00000) (1024K)]
  0x0000019e94f31ef0 WorkerThread "GC Thread#10"                    [id=19244, stack(0x0000002c73b00000,0x0000002c73c00000) (1024K)]
  0x0000019e94f32290 WorkerThread "GC Thread#11"                    [id=12172, stack(0x0000002c73c00000,0x0000002c73d00000) (1024K)]
  0x0000019e94f32630 WorkerThread "GC Thread#12"                    [id=9324, stack(0x0000002c73d00000,0x0000002c73e00000) (1024K)]
  0x0000019ef6636350 ConcurrentGCThread "G1 Main Marker"            [id=6044, stack(0x0000002c71400000,0x0000002c71500000) (1024K)]
  0x0000019ef6636d60 WorkerThread "G1 Conc#0"                       [id=2092, stack(0x0000002c71500000,0x0000002c71600000) (1024K)]
  0x0000019e94f30cd0 WorkerThread "G1 Conc#1"                       [id=7528, stack(0x0000002c73e00000,0x0000002c73f00000) (1024K)]
  0x0000019e94b4d8f0 WorkerThread "G1 Conc#2"                       [id=7076, stack(0x0000002c73f00000,0x0000002c74000000) (1024K)]
  0x0000019eff040200 ConcurrentGCThread "G1 Refine#0"               [id=5340, stack(0x0000002c71600000,0x0000002c71700000) (1024K)]
  0x0000019eff040a20 ConcurrentGCThread "G1 Service"                [id=2056, stack(0x0000002c71700000,0x0000002c71800000) (1024K)]
Total: 21

Threads with active compile tasks:
C2 CompilerThread0  31994 15864       4       org.gradle.tooling.internal.adapter.ProtocolToModelAdapter$SupportedPropertyInvoker::invoke (154 bytes)
C2 CompilerThread1  31994 15867       4       org.gradle.tooling.internal.adapter.ProtocolToModelAdapter$SafeMethodInvoker::invoke (118 bytes)
C2 CompilerThread2  31994 15862       4       org.gradle.tooling.internal.adapter.ProtocolToModelAdapter$InvocationHandlerImpl::invoke (176 bytes)
Total: 3

VM state: at safepoint (normal execution)

VM Mutex/Monitor currently owned by a thread:  ([mutex/lock_event])
[0x00007ffcf0201468] Threads_lock - owner thread: 0x0000019eff864090
[0x00007ffcf0201568] Heap_lock - owner thread: 0x0000019ef6636350

Heap address: 0x0000000080000000, size: 2048 MB, Compressed Oops mode: 32-bit

CDS archive(s) not mapped
Compressed class space mapped at: 0x0000000100000000-0x0000000140000000, reserved size: 1073741824
Narrow klass base: 0x0000000000000000, Narrow klass shift: 3, Narrow klass range: 0x140000000

GC Precious Log:
 CardTable entry size: 512
 Card Set container configuration: InlinePtr #cards 5 size 8 Array Of Cards #cards 12 size 40 Howl #buckets 4 coarsen threshold 1843 Howl Bitmap #cards 512 size 80 coarsen threshold 460 Card regions per heap region 1 cards per card region 2048
 CPUs: 16 total, 16 available
 Memory: 16088M
 Large Page Support: Disabled
 NUMA Support: Disabled
 Compressed Oops: Enabled (32-bit)
 Heap Region Size: 1M
 Heap Min Capacity: 8M
 Heap Initial Capacity: 252M
 Heap Max Capacity: 2G
 Pre-touch: Disabled
 Parallel Workers: 13
 Concurrent Workers: 3
 Concurrent Refinement Workers: 13
 Periodic GC: Disabled

Heap:
 garbage-first heap   total 268288K, used 171896K [0x0000000080000000, 0x0000000100000000)
  region size 1024K, 10 young (10240K), 7 survivors (7168K)
 Metaspace       used 132703K, committed 134976K, reserved 1179648K
  class space    used 17992K, committed 19072K, reserved 1048576K

Heap Regions: E=young(eden), S=young(survivor), O=old, HS=humongous(starts), HC=humongous(continues), CS=collection set, F=free, TAMS=top-at-mark-start, PB=parsable bottom
|   0|0x0000000080000000, 0x0000000080100000, 0x0000000080100000|100%|HS|  |TAMS 0x0000000080100000| PB 0x0000000080000000| Complete 
|   1|0x0000000080100000, 0x0000000080200000, 0x0000000080200000|100%|HC|  |TAMS 0x0000000080200000| PB 0x0000000080100000| Complete 
|   2|0x0000000080200000, 0x0000000080300000, 0x0000000080300000|100%|HC|  |TAMS 0x0000000080300000| PB 0x0000000080200000| Complete 
|   3|0x0000000080300000, 0x0000000080400000, 0x0000000080400000|100%| O|  |TAMS 0x0000000080400000| PB 0x0000000080400000| Untracked 
|   4|0x0000000080400000, 0x0000000080500000, 0x0000000080500000|100%| O|  |TAMS 0x0000000080500000| PB 0x0000000080500000| Untracked 
|   5|0x0000000080500000, 0x0000000080600000, 0x0000000080600000|100%| O|  |TAMS 0x0000000080600000| PB 0x0000000080600000| Untracked 
|   6|0x0000000080600000, 0x0000000080700000, 0x0000000080700000|100%|HS|  |TAMS 0x0000000080700000| PB 0x0000000080600000| Complete 
|   7|0x0000000080700000, 0x0000000080800000, 0x0000000080800000|100%| O|  |TAMS 0x0000000080800000| PB 0x0000000080800000| Updating 
|   8|0x0000000080800000, 0x0000000080900000, 0x0000000080900000|100%| O|  |TAMS 0x0000000080900000| PB 0x0000000080900000| Untracked 
|   9|0x0000000080900000, 0x0000000080a00000, 0x0000000080a00000|100%| O|  |TAMS 0x0000000080a00000| PB 0x0000000080a00000| Untracked 
|  10|0x0000000080a00000, 0x0000000080b00000, 0x0000000080b00000|100%| O|  |TAMS 0x0000000080b00000| PB 0x0000000080b00000| Untracked 
|  11|0x0000000080b00000, 0x0000000080c00000, 0x0000000080c00000|100%| O|  |TAMS 0x0000000080c00000| PB 0x0000000080c00000| Untracked 
|  12|0x0000000080c00000, 0x0000000080d00000, 0x0000000080d00000|100%| O|  |TAMS 0x0000000080d00000| PB 0x0000000080d00000| Untracked 
|  13|0x0000000080d00000, 0x0000000080e00000, 0x0000000080e00000|100%| O|  |TAMS 0x0000000080e00000| PB 0x0000000080e00000| Untracked 
|  14|0x0000000080e00000, 0x0000000080f00000, 0x0000000080f00000|100%| O|  |TAMS 0x0000000080f00000| PB 0x0000000080f00000| Untracked 
|  15|0x0000000080f00000, 0x0000000081000000, 0x0000000081000000|100%| O|  |TAMS 0x0000000081000000| PB 0x0000000081000000| Updating 
|  16|0x0000000081000000, 0x0000000081100000, 0x0000000081100000|100%|HS|  |TAMS 0x0000000081100000| PB 0x0000000081000000| Complete 
|  17|0x0000000081100000, 0x0000000081200000, 0x0000000081200000|100%|HS|  |TAMS 0x0000000081200000| PB 0x0000000081100000| Complete 
|  18|0x0000000081200000, 0x0000000081300000, 0x0000000081300000|100%|HC|  |TAMS 0x0000000081300000| PB 0x0000000081200000| Complete 
|  19|0x0000000081300000, 0x0000000081400000, 0x0000000081400000|100%|HC|  |TAMS 0x0000000081400000| PB 0x0000000081300000| Complete 
|  20|0x0000000081400000, 0x0000000081500000, 0x0000000081500000|100%|HC|  |TAMS 0x0000000081500000| PB 0x0000000081400000| Complete 
|  21|0x0000000081500000, 0x0000000081600000, 0x0000000081600000|100%|HC|  |TAMS 0x0000000081600000| PB 0x0000000081500000| Complete 
|  22|0x0000000081600000, 0x0000000081700000, 0x0000000081700000|100%|HC|  |TAMS 0x0000000081700000| PB 0x0000000081600000| Complete 
|  23|0x0000000081700000, 0x0000000081800000, 0x0000000081800000|100%|HS|  |TAMS 0x0000000081800000| PB 0x0000000081700000| Complete 
|  24|0x0000000081800000, 0x0000000081900000, 0x0000000081900000|100%|HS|  |TAMS 0x0000000081900000| PB 0x0000000081800000| Complete 
|  25|0x0000000081900000, 0x0000000081a00000, 0x0000000081a00000|100%|HC|  |TAMS 0x0000000081a00000| PB 0x0000000081900000| Complete 
|  26|0x0000000081a00000, 0x0000000081b00000, 0x0000000081b00000|100%|HC|  |TAMS 0x0000000081b00000| PB 0x0000000081a00000| Complete 
|  27|0x0000000081b00000, 0x0000000081c00000, 0x0000000081c00000|100%|HC|  |TAMS 0x0000000081c00000| PB 0x0000000081b00000| Complete 
|  28|0x0000000081c00000, 0x0000000081d00000, 0x0000000081d00000|100%|HS|  |TAMS 0x0000000081d00000| PB 0x0000000081c00000| Complete 
|  29|0x0000000081d00000, 0x0000000081e00000, 0x0000000081e00000|100%|HC|  |TAMS 0x0000000081e00000| PB 0x0000000081d00000| Complete 
|  30|0x0000000081e00000, 0x0000000081f00000, 0x0000000081f00000|100%|HS|  |TAMS 0x0000000081f00000| PB 0x0000000081e00000| Complete 
|  31|0x0000000081f00000, 0x0000000082000000, 0x0000000082000000|100%|HS|  |TAMS 0x0000000082000000| PB 0x0000000081f00000| Complete 
|  32|0x0000000082000000, 0x0000000082100000, 0x0000000082100000|100%|HC|  |TAMS 0x0000000082100000| PB 0x0000000082000000| Complete 
|  33|0x0000000082100000, 0x0000000082200000, 0x0000000082200000|100%|HC|  |TAMS 0x0000000082200000| PB 0x0000000082100000| Complete 
|  34|0x0000000082200000, 0x0000000082300000, 0x0000000082300000|100%|HC|  |TAMS 0x0000000082300000| PB 0x0000000082200000| Complete 
|  35|0x0000000082300000, 0x0000000082400000, 0x0000000082400000|100%|HC|  |TAMS 0x0000000082400000| PB 0x0000000082300000| Complete 
|  36|0x0000000082400000, 0x0000000082500000, 0x0000000082500000|100%|HC|  |TAMS 0x0000000082500000| PB 0x0000000082400000| Complete 
|  37|0x0000000082500000, 0x0000000082600000, 0x0000000082600000|100%|HS|  |TAMS 0x0000000082600000| PB 0x0000000082500000| Complete 
|  38|0x0000000082600000, 0x0000000082700000, 0x0000000082700000|100%|HS|  |TAMS 0x0000000082700000| PB 0x0000000082600000| Complete 
|  39|0x0000000082700000, 0x0000000082800000, 0x0000000082800000|100%|HC|  |TAMS 0x0000000082800000| PB 0x0000000082700000| Complete 
|  40|0x0000000082800000, 0x0000000082900000, 0x0000000082900000|100%|HC|  |TAMS 0x0000000082900000| PB 0x0000000082800000| Complete 
|  41|0x0000000082900000, 0x0000000082a00000, 0x0000000082a00000|100%|HC|  |TAMS 0x0000000082a00000| PB 0x0000000082900000| Complete 
|  42|0x0000000082a00000, 0x0000000082b00000, 0x0000000082b00000|100%|HS|  |TAMS 0x0000000082b00000| PB 0x0000000082a00000| Complete 
|  43|0x0000000082b00000, 0x0000000082c00000, 0x0000000082c00000|100%|HC|  |TAMS 0x0000000082c00000| PB 0x0000000082b00000| Complete 
|  44|0x0000000082c00000, 0x0000000082d00000, 0x0000000082d00000|100%|HS|  |TAMS 0x0000000082d00000| PB 0x0000000082c00000| Complete 
|  45|0x0000000082d00000, 0x0000000082e00000, 0x0000000082e00000|100%| O|  |TAMS 0x0000000082e00000| PB 0x0000000082e00000| Untracked 
|  46|0x0000000082e00000, 0x0000000082f00000, 0x0000000082f00000|100%| O|  |TAMS 0x0000000082f00000| PB 0x0000000082f00000| Untracked 
|  47|0x0000000082f00000, 0x0000000083000000, 0x0000000083000000|100%| O|  |TAMS 0x0000000083000000| PB 0x0000000083000000| Untracked 
|  48|0x0000000083000000, 0x0000000083100000, 0x0000000083100000|100%| O|  |TAMS 0x0000000083100000| PB 0x0000000083100000| Untracked 
|  49|0x0000000083100000, 0x0000000083200000, 0x0000000083200000|100%| O|  |TAMS 0x0000000083200000| PB 0x0000000083200000| Untracked 
|  50|0x0000000083200000, 0x0000000083300000, 0x0000000083300000|100%| O|  |TAMS 0x0000000083300000| PB 0x0000000083300000| Untracked 
|  51|0x0000000083300000, 0x0000000083400000, 0x0000000083400000|100%|HS|  |TAMS 0x0000000083400000| PB 0x0000000083300000| Complete 
|  52|0x0000000083400000, 0x0000000083500000, 0x0000000083500000|100%| O|  |TAMS 0x0000000083500000| PB 0x0000000083500000| Updating 
|  53|0x0000000083500000, 0x0000000083600000, 0x0000000083600000|100%| O|  |TAMS 0x0000000083600000| PB 0x0000000083600000| Untracked 
|  54|0x0000000083600000, 0x0000000083700000, 0x0000000083700000|100%| O|  |TAMS 0x0000000083700000| PB 0x0000000083700000| Updating 
|  55|0x0000000083700000, 0x0000000083800000, 0x0000000083800000|100%| O|  |TAMS 0x0000000083800000| PB 0x0000000083800000| Untracked 
|  56|0x0000000083800000, 0x0000000083900000, 0x0000000083900000|100%| O|  |TAMS 0x0000000083900000| PB 0x0000000083900000| Untracked 
|  57|0x0000000083900000, 0x0000000083a00000, 0x0000000083a00000|100%| O|  |TAMS 0x0000000083a00000| PB 0x0000000083a00000| Untracked 
|  58|0x0000000083a00000, 0x0000000083b00000, 0x0000000083b00000|100%| O|  |TAMS 0x0000000083b00000| PB 0x0000000083b00000| Updating 
|  59|0x0000000083b00000, 0x0000000083c00000, 0x0000000083c00000|100%|HS|  |TAMS 0x0000000083c00000| PB 0x0000000083b00000| Complete 
|  60|0x0000000083c00000, 0x0000000083d00000, 0x0000000083d00000|100%|HC|  |TAMS 0x0000000083d00000| PB 0x0000000083c00000| Complete 
|  61|0x0000000083d00000, 0x0000000083e00000, 0x0000000083e00000|100%| O|  |TAMS 0x0000000083e00000| PB 0x0000000083e00000| Untracked 
|  62|0x0000000083e00000, 0x0000000083f00000, 0x0000000083f00000|100%| O|  |TAMS 0x0000000083f00000| PB 0x0000000083f00000| Updating 
|  63|0x0000000083f00000, 0x0000000084000000, 0x0000000084000000|100%| O|  |TAMS 0x0000000084000000| PB 0x0000000084000000| Updating 
|  64|0x0000000084000000, 0x0000000084100000, 0x0000000084100000|100%| O|  |TAMS 0x0000000084100000| PB 0x0000000084100000| Updating 
|  65|0x0000000084100000, 0x0000000084200000, 0x0000000084200000|100%| O|  |TAMS 0x0000000084200000| PB 0x0000000084200000| Untracked 
|  66|0x0000000084200000, 0x0000000084300000, 0x0000000084300000|100%| O|  |TAMS 0x0000000084300000| PB 0x0000000084300000| Updating 
|  67|0x0000000084300000, 0x0000000084400000, 0x0000000084400000|100%| O|  |TAMS 0x0000000084400000| PB 0x0000000084400000| Untracked 
|  68|0x0000000084400000, 0x0000000084500000, 0x0000000084500000|100%|HS|  |TAMS 0x0000000084500000| PB 0x0000000084400000| Complete 
|  69|0x0000000084500000, 0x0000000084600000, 0x0000000084600000|100%|HC|  |TAMS 0x0000000084600000| PB 0x0000000084500000| Complete 
|  70|0x0000000084600000, 0x0000000084700000, 0x0000000084700000|100%|HC|  |TAMS 0x0000000084700000| PB 0x0000000084600000| Complete 
|  71|0x0000000084700000, 0x0000000084800000, 0x0000000084800000|100%|HC|  |TAMS 0x0000000084800000| PB 0x0000000084700000| Complete 
|  72|0x0000000084800000, 0x0000000084900000, 0x0000000084900000|100%|HC|  |TAMS 0x0000000084900000| PB 0x0000000084800000| Complete 
|  73|0x0000000084900000, 0x0000000084a00000, 0x0000000084a00000|100%|HC|  |TAMS 0x0000000084a00000| PB 0x0000000084900000| Complete 
|  74|0x0000000084a00000, 0x0000000084b00000, 0x0000000084b00000|100%|HS|  |TAMS 0x0000000084b00000| PB 0x0000000084a00000| Complete 
|  75|0x0000000084b00000, 0x0000000084c00000, 0x0000000084c00000|100%| O|  |TAMS 0x0000000084c00000| PB 0x0000000084c00000| Untracked 
|  76|0x0000000084c00000, 0x0000000084d00000, 0x0000000084d00000|100%| O|  |TAMS 0x0000000084d00000| PB 0x0000000084d00000| Untracked 
|  77|0x0000000084d00000, 0x0000000084e00000, 0x0000000084e00000|100%| O|  |TAMS 0x0000000084e00000| PB 0x0000000084e00000| Untracked 
|  78|0x0000000084e00000, 0x0000000084f00000, 0x0000000084f00000|100%| O|  |TAMS 0x0000000084f00000| PB 0x0000000084f00000| Updating 
|  79|0x0000000084f00000, 0x0000000085000000, 0x0000000085000000|100%| O|  |TAMS 0x0000000085000000| PB 0x0000000085000000| Updating 
|  80|0x0000000085000000, 0x0000000085100000, 0x0000000085100000|100%| O|  |TAMS 0x0000000085100000| PB 0x0000000085100000| Updating 
|  81|0x0000000085100000, 0x0000000085200000, 0x0000000085200000|100%| O|  |TAMS 0x0000000085200000| PB 0x0000000085200000| Updating 
|  82|0x0000000085200000, 0x0000000085300000, 0x0000000085300000|100%| O|  |TAMS 0x0000000085300000| PB 0x0000000085300000| Untracked 
|  83|0x0000000085300000, 0x0000000085400000, 0x0000000085400000|100%| O|  |TAMS 0x0000000085400000| PB 0x0000000085400000| Untracked 
|  84|0x0000000085400000, 0x0000000085500000, 0x0000000085500000|100%| O|  |TAMS 0x0000000085500000| PB 0x0000000085500000| Untracked 
|  85|0x0000000085500000, 0x0000000085600000, 0x0000000085600000|100%| O|  |TAMS 0x0000000085600000| PB 0x0000000085600000| Untracked 
|  86|0x0000000085600000, 0x0000000085700000, 0x0000000085700000|100%|HS|  |TAMS 0x0000000085700000| PB 0x0000000085600000| Complete 
|  87|0x0000000085700000, 0x0000000085800000, 0x0000000085800000|100%|HC|  |TAMS 0x0000000085800000| PB 0x0000000085700000| Complete 
|  88|0x0000000085800000, 0x0000000085900000, 0x0000000085900000|100%|HC|  |TAMS 0x0000000085900000| PB 0x0000000085800000| Complete 
|  89|0x0000000085900000, 0x0000000085a00000, 0x0000000085a00000|100%|HC|  |TAMS 0x0000000085a00000| PB 0x0000000085900000| Complete 
|  90|0x0000000085a00000, 0x0000000085b00000, 0x0000000085b00000|100%|HC|  |TAMS 0x0000000085b00000| PB 0x0000000085a00000| Complete 
|  91|0x0000000085b00000, 0x0000000085c00000, 0x0000000085c00000|100%|HC|  |TAMS 0x0000000085c00000| PB 0x0000000085b00000| Complete 
|  92|0x0000000085c00000, 0x0000000085d00000, 0x0000000085d00000|100%| O|  |TAMS 0x0000000085d00000| PB 0x0000000085d00000| Untracked 
|  93|0x0000000085d00000, 0x0000000085e00000, 0x0000000085e00000|100%| O|  |TAMS 0x0000000085e00000| PB 0x0000000085e00000| Untracked 
|  94|0x0000000085e00000, 0x0000000085f00000, 0x0000000085f00000|100%| O|  |TAMS 0x0000000085f00000| PB 0x0000000085f00000| Untracked 
|  95|0x0000000085f00000, 0x0000000086000000, 0x0000000086000000|100%| O|  |TAMS 0x0000000086000000| PB 0x0000000086000000| Untracked 
|  96|0x0000000086000000, 0x0000000086100000, 0x0000000086100000|100%| O|  |TAMS 0x0000000086100000| PB 0x0000000086100000| Updating 
|  97|0x0000000086100000, 0x0000000086200000, 0x0000000086200000|100%| O|  |TAMS 0x0000000086200000| PB 0x0000000086200000| Updating 
|  98|0x0000000086200000, 0x0000000086300000, 0x0000000086300000|100%| O|  |TAMS 0x0000000086300000| PB 0x0000000086300000| Untracked 
|  99|0x0000000086300000, 0x0000000086400000, 0x0000000086400000|100%| O|  |TAMS 0x0000000086300000| PB 0x0000000086300000| Untracked 
| 100|0x0000000086400000, 0x0000000086500000, 0x0000000086500000|100%| O|  |TAMS 0x0000000086500000| PB 0x0000000086500000| Untracked 
| 101|0x0000000086500000, 0x0000000086600000, 0x0000000086600000|100%|HS|  |TAMS 0x0000000086600000| PB 0x0000000086500000| Complete 
| 102|0x0000000086600000, 0x0000000086700000, 0x0000000086700000|100%|HS|  |TAMS 0x0000000086700000| PB 0x0000000086600000| Complete 
| 103|0x0000000086700000, 0x0000000086800000, 0x0000000086800000|100%|HS|  |TAMS 0x0000000086800000| PB 0x0000000086700000| Complete 
| 104|0x0000000086800000, 0x0000000086900000, 0x0000000086900000|100%|HS|  |TAMS 0x0000000086900000| PB 0x0000000086800000| Complete 
| 105|0x0000000086900000, 0x0000000086a00000, 0x0000000086a00000|100%| O|  |TAMS 0x0000000086a00000| PB 0x0000000086a00000| Untracked 
| 106|0x0000000086a00000, 0x0000000086b00000, 0x0000000086b00000|100%|HS|  |TAMS 0x0000000086b00000| PB 0x0000000086a00000| Complete 
| 107|0x0000000086b00000, 0x0000000086c00000, 0x0000000086c00000|100%| O|  |TAMS 0x0000000086c00000| PB 0x0000000086c00000| Untracked 
| 108|0x0000000086c00000, 0x0000000086d00000, 0x0000000086d00000|100%| O|  |TAMS 0x0000000086c00000| PB 0x0000000086c00000| Untracked 
| 109|0x0000000086d00000, 0x0000000086e00000, 0x0000000086e00000|100%| O|  |TAMS 0x0000000086e00000| PB 0x0000000086e00000| Untracked 
| 110|0x0000000086e00000, 0x0000000086f00000, 0x0000000086f00000|100%| O|  |TAMS 0x0000000086f00000| PB 0x0000000086f00000| Untracked 
| 111|0x0000000086f00000, 0x0000000087000000, 0x0000000087000000|100%| O|  |TAMS 0x0000000087000000| PB 0x0000000087000000| Untracked 
| 112|0x0000000087000000, 0x0000000087100000, 0x0000000087100000|100%| O|  |TAMS 0x0000000087100000| PB 0x0000000087100000| Untracked 
| 113|0x0000000087100000, 0x0000000087200000, 0x0000000087200000|100%| O|  |TAMS 0x0000000087200000| PB 0x0000000087200000| Updating 
| 114|0x0000000087200000, 0x0000000087300000, 0x0000000087300000|100%| O|  |TAMS 0x0000000087300000| PB 0x0000000087300000| Untracked 
| 115|0x0000000087300000, 0x0000000087400000, 0x0000000087400000|100%| O|  |TAMS 0x0000000087400000| PB 0x0000000087400000| Untracked 
| 116|0x0000000087400000, 0x0000000087500000, 0x0000000087500000|100%| O|  |TAMS 0x0000000087500000| PB 0x0000000087500000| Updating 
| 117|0x0000000087500000, 0x0000000087600000, 0x0000000087600000|100%| O|  |TAMS 0x0000000087600000| PB 0x0000000087600000| Untracked 
| 118|0x0000000087600000, 0x0000000087700000, 0x0000000087700000|100%| O|  |TAMS 0x0000000087700000| PB 0x0000000087700000| Untracked 
| 119|0x0000000087700000, 0x0000000087800000, 0x0000000087800000|100%|HS|  |TAMS 0x0000000087800000| PB 0x0000000087700000| Complete 
| 120|0x0000000087800000, 0x0000000087900000, 0x0000000087900000|100%| O|  |TAMS 0x0000000087900000| PB 0x0000000087900000| Untracked 
| 121|0x0000000087900000, 0x0000000087a00000, 0x0000000087a00000|100%| O|  |TAMS 0x0000000087a00000| PB 0x0000000087a00000| Untracked 
| 122|0x0000000087a00000, 0x0000000087b00000, 0x0000000087b00000|100%| O|  |TAMS 0x0000000087b00000| PB 0x0000000087b00000| Untracked 
| 123|0x0000000087b00000, 0x0000000087c00000, 0x0000000087c00000|100%| O|  |TAMS 0x0000000087c00000| PB 0x0000000087c00000| Untracked 
| 124|0x0000000087c00000, 0x0000000087d00000, 0x0000000087d00000|100%| O|  |TAMS 0x0000000087d00000| PB 0x0000000087d00000| Updating 
| 125|0x0000000087d00000, 0x0000000087e00000, 0x0000000087e00000|100%|HS|  |TAMS 0x0000000087e00000| PB 0x0000000087d00000| Complete 
| 126|0x0000000087e00000, 0x0000000087f00000, 0x0000000087f00000|100%|HC|  |TAMS 0x0000000087f00000| PB 0x0000000087e00000| Complete 
| 127|0x0000000087f00000, 0x0000000088000000, 0x0000000088000000|100%| O|  |TAMS 0x0000000088000000| PB 0x0000000088000000| Untracked 
| 128|0x0000000088000000, 0x0000000088100000, 0x0000000088100000|100%| O|  |TAMS 0x0000000088100000| PB 0x0000000088100000| Untracked 
| 129|0x0000000088100000, 0x0000000088200000, 0x0000000088200000|100%| O|  |TAMS 0x0000000088200000| PB 0x0000000088200000| Untracked 
| 130|0x0000000088200000, 0x0000000088300000, 0x0000000088300000|100%| O|  |TAMS 0x0000000088300000| PB 0x0000000088300000| Untracked 
| 131|0x0000000088300000, 0x0000000088400000, 0x0000000088400000|100%| O|  |TAMS 0x0000000088300000| PB 0x0000000088300000| Untracked 
| 132|0x0000000088400000, 0x0000000088500000, 0x0000000088500000|100%| O|  |TAMS 0x0000000088500000| PB 0x0000000088500000| Updating 
| 133|0x0000000088500000, 0x0000000088600000, 0x0000000088600000|100%| O|  |TAMS 0x0000000088600000| PB 0x0000000088600000| Untracked 
| 134|0x0000000088600000, 0x0000000088700000, 0x0000000088700000|100%| O|  |TAMS 0x0000000088700000| PB 0x0000000088700000| Updating 
| 135|0x0000000088700000, 0x0000000088800000, 0x0000000088800000|100%| O|  |TAMS 0x0000000088700000| PB 0x0000000088700000| Untracked 
| 136|0x0000000088800000, 0x0000000088900000, 0x0000000088900000|100%| O|  |TAMS 0x0000000088800000| PB 0x0000000088800000| Untracked 
| 137|0x0000000088900000, 0x0000000088a00000, 0x0000000088a00000|100%| O|  |TAMS 0x0000000088a00000| PB 0x0000000088a00000| Untracked 
| 138|0x0000000088a00000, 0x0000000088b00000, 0x0000000088b00000|100%| O|  |TAMS 0x0000000088b00000| PB 0x0000000088b00000| Untracked 
| 139|0x0000000088b00000, 0x0000000088c00000, 0x0000000088c00000|100%| O|  |TAMS 0x0000000088c00000| PB 0x0000000088c00000| Updating 
| 140|0x0000000088c00000, 0x0000000088d00000, 0x0000000088d00000|100%| O|  |TAMS 0x0000000088d00000| PB 0x0000000088d00000| Updating 
| 141|0x0000000088d00000, 0x0000000088e00000, 0x0000000088e00000|100%| O|  |TAMS 0x0000000088e00000| PB 0x0000000088e00000| Updating 
| 142|0x0000000088e00000, 0x0000000088f00000, 0x0000000088f00000|100%| O|  |TAMS 0x0000000088f00000| PB 0x0000000088f00000| Updating 
| 143|0x0000000088f00000, 0x0000000089000000, 0x0000000089000000|100%| O|  |TAMS 0x0000000089000000| PB 0x0000000089000000| Untracked 
| 144|0x0000000089000000, 0x0000000089100000, 0x0000000089100000|100%| O|  |TAMS 0x0000000089100000| PB 0x0000000089100000| Updating 
| 145|0x0000000089100000, 0x0000000089200000, 0x0000000089200000|100%| O|  |TAMS 0x0000000089200000| PB 0x0000000089200000| Updating 
| 146|0x0000000089200000, 0x0000000089300000, 0x0000000089300000|100%| O|  |TAMS 0x0000000089200000| PB 0x0000000089200000| Untracked 
| 147|0x0000000089300000, 0x0000000089372b70, 0x0000000089400000| 44%| O|  |TAMS 0x0000000089300000| PB 0x0000000089300000| Updating 
| 148|0x0000000089400000, 0x0000000089400000, 0x0000000089500000|  0%| F|  |TAMS 0x0000000089400000| PB 0x0000000089400000| Untracked 
| 149|0x0000000089500000, 0x0000000089600000, 0x0000000089600000|100%| O|  |TAMS 0x0000000089600000| PB 0x0000000089600000| Untracked 
| 150|0x0000000089600000, 0x0000000089700000, 0x0000000089700000|100%| O|  |TAMS 0x0000000089700000| PB 0x0000000089700000| Updating 
| 151|0x0000000089700000, 0x0000000089800000, 0x0000000089800000|100%| O|  |TAMS 0x000000008971ac70| PB 0x000000008971ac70| Untracked 
| 152|0x0000000089800000, 0x0000000089800000, 0x0000000089900000|  0%| F|  |TAMS 0x0000000089800000| PB 0x0000000089800000| Untracked 
| 153|0x0000000089900000, 0x0000000089900000, 0x0000000089a00000|  0%| F|  |TAMS 0x0000000089900000| PB 0x0000000089900000| Untracked 
| 154|0x0000000089a00000, 0x0000000089a00000, 0x0000000089b00000|  0%| F|  |TAMS 0x0000000089a00000| PB 0x0000000089a00000| Untracked 
| 155|0x0000000089b00000, 0x0000000089b00000, 0x0000000089c00000|  0%| F|  |TAMS 0x0000000089b00000| PB 0x0000000089b00000| Untracked 
| 156|0x0000000089c00000, 0x0000000089c00000, 0x0000000089d00000|  0%| F|  |TAMS 0x0000000089c00000| PB 0x0000000089c00000| Untracked 
| 157|0x0000000089d00000, 0x0000000089d00000, 0x0000000089e00000|  0%| F|  |TAMS 0x0000000089d00000| PB 0x0000000089d00000| Untracked 
| 158|0x0000000089e00000, 0x0000000089e00000, 0x0000000089f00000|  0%| F|  |TAMS 0x0000000089e00000| PB 0x0000000089e00000| Untracked 
| 159|0x0000000089f00000, 0x0000000089f00000, 0x000000008a000000|  0%| F|  |TAMS 0x0000000089f00000| PB 0x0000000089f00000| Untracked 
| 160|0x000000008a000000, 0x000000008a000000, 0x000000008a100000|  0%| F|  |TAMS 0x000000008a000000| PB 0x000000008a000000| Untracked 
| 161|0x000000008a100000, 0x000000008a100000, 0x000000008a200000|  0%| F|  |TAMS 0x000000008a100000| PB 0x000000008a100000| Untracked 
| 162|0x000000008a200000, 0x000000008a200000, 0x000000008a300000|  0%| F|  |TAMS 0x000000008a200000| PB 0x000000008a200000| Untracked 
| 163|0x000000008a300000, 0x000000008a300000, 0x000000008a400000|  0%| F|  |TAMS 0x000000008a300000| PB 0x000000008a300000| Untracked 
| 164|0x000000008a400000, 0x000000008a400000, 0x000000008a500000|  0%| F|  |TAMS 0x000000008a400000| PB 0x000000008a400000| Untracked 
| 165|0x000000008a500000, 0x000000008a500000, 0x000000008a600000|  0%| F|  |TAMS 0x000000008a500000| PB 0x000000008a500000| Untracked 
| 166|0x000000008a600000, 0x000000008a600000, 0x000000008a700000|  0%| F|  |TAMS 0x000000008a600000| PB 0x000000008a600000| Untracked 
| 167|0x000000008a700000, 0x000000008a76b788, 0x000000008a800000| 41%| S|CS|TAMS 0x000000008a700000| PB 0x000000008a700000| Complete 
| 168|0x000000008a800000, 0x000000008a900000, 0x000000008a900000|100%| S|CS|TAMS 0x000000008a800000| PB 0x000000008a800000| Complete 
| 169|0x000000008a900000, 0x000000008aa00000, 0x000000008aa00000|100%| S|CS|TAMS 0x000000008a900000| PB 0x000000008a900000| Complete 
| 170|0x000000008aa00000, 0x000000008ab00000, 0x000000008ab00000|100%| S|CS|TAMS 0x000000008aa00000| PB 0x000000008aa00000| Complete 
| 171|0x000000008ab00000, 0x000000008ac00000, 0x000000008ac00000|100%| S|CS|TAMS 0x000000008ab00000| PB 0x000000008ab00000| Complete 
| 172|0x000000008ac00000, 0x000000008ad00000, 0x000000008ad00000|100%| S|CS|TAMS 0x000000008ac00000| PB 0x000000008ac00000| Complete 
| 173|0x000000008ad00000, 0x000000008ae00000, 0x000000008ae00000|100%| S|CS|TAMS 0x000000008ad00000| PB 0x000000008ad00000| Complete 
| 174|0x000000008ae00000, 0x000000008ae00000, 0x000000008af00000|  0%| F|  |TAMS 0x000000008ae00000| PB 0x000000008ae00000| Untracked 
| 175|0x000000008af00000, 0x000000008af00000, 0x000000008b000000|  0%| F|  |TAMS 0x000000008af00000| PB 0x000000008af00000| Untracked 
| 176|0x000000008b000000, 0x000000008b000000, 0x000000008b100000|  0%| F|  |TAMS 0x000000008b000000| PB 0x000000008b000000| Untracked 
| 177|0x000000008b100000, 0x000000008b100000, 0x000000008b200000|  0%| F|  |TAMS 0x000000008b100000| PB 0x000000008b100000| Untracked 
| 178|0x000000008b200000, 0x000000008b200000, 0x000000008b300000|  0%| F|  |TAMS 0x000000008b200000| PB 0x000000008b200000| Untracked 
| 179|0x000000008b300000, 0x000000008b300000, 0x000000008b400000|  0%| F|  |TAMS 0x000000008b300000| PB 0x000000008b300000| Untracked 
| 180|0x000000008b400000, 0x000000008b400000, 0x000000008b500000|  0%| F|  |TAMS 0x000000008b400000| PB 0x000000008b400000| Untracked 
| 181|0x000000008b500000, 0x000000008b500000, 0x000000008b600000|  0%| F|  |TAMS 0x000000008b500000| PB 0x000000008b500000| Untracked 
| 182|0x000000008b600000, 0x000000008b600000, 0x000000008b700000|  0%| F|  |TAMS 0x000000008b600000| PB 0x000000008b600000| Untracked 
| 183|0x000000008b700000, 0x000000008b700000, 0x000000008b800000|  0%| F|  |TAMS 0x000000008b700000| PB 0x000000008b700000| Untracked 
| 184|0x000000008b800000, 0x000000008b800000, 0x000000008b900000|  0%| F|  |TAMS 0x000000008b800000| PB 0x000000008b800000| Untracked 
| 185|0x000000008b900000, 0x000000008b900000, 0x000000008ba00000|  0%| F|  |TAMS 0x000000008b900000| PB 0x000000008b900000| Untracked 
| 186|0x000000008ba00000, 0x000000008ba00000, 0x000000008bb00000|  0%| F|  |TAMS 0x000000008ba00000| PB 0x000000008ba00000| Untracked 
| 187|0x000000008bb00000, 0x000000008bb00000, 0x000000008bc00000|  0%| F|  |TAMS 0x000000008bb00000| PB 0x000000008bb00000| Untracked 
| 188|0x000000008bc00000, 0x000000008bc00000, 0x000000008bd00000|  0%| F|  |TAMS 0x000000008bc00000| PB 0x000000008bc00000| Untracked 
| 189|0x000000008bd00000, 0x000000008bd00000, 0x000000008be00000|  0%| F|  |TAMS 0x000000008bd00000| PB 0x000000008bd00000| Untracked 
| 190|0x000000008be00000, 0x000000008be00000, 0x000000008bf00000|  0%| F|  |TAMS 0x000000008be00000| PB 0x000000008be00000| Untracked 
| 191|0x000000008bf00000, 0x000000008bf00000, 0x000000008c000000|  0%| F|  |TAMS 0x000000008bf00000| PB 0x000000008bf00000| Untracked 
| 192|0x000000008c000000, 0x000000008c000000, 0x000000008c100000|  0%| F|  |TAMS 0x000000008c000000| PB 0x000000008c000000| Untracked 
| 193|0x000000008c100000, 0x000000008c100000, 0x000000008c200000|  0%| F|  |TAMS 0x000000008c100000| PB 0x000000008c100000| Untracked 
| 194|0x000000008c200000, 0x000000008c200000, 0x000000008c300000|  0%| F|  |TAMS 0x000000008c200000| PB 0x000000008c200000| Untracked 
| 195|0x000000008c300000, 0x000000008c300000, 0x000000008c400000|  0%| F|  |TAMS 0x000000008c300000| PB 0x000000008c300000| Untracked 
| 196|0x000000008c400000, 0x000000008c400000, 0x000000008c500000|  0%| F|  |TAMS 0x000000008c400000| PB 0x000000008c400000| Untracked 
| 197|0x000000008c500000, 0x000000008c500000, 0x000000008c600000|  0%| F|  |TAMS 0x000000008c500000| PB 0x000000008c500000| Untracked 
| 198|0x000000008c600000, 0x000000008c600000, 0x000000008c700000|  0%| F|  |TAMS 0x000000008c600000| PB 0x000000008c600000| Untracked 
| 199|0x000000008c700000, 0x000000008c700000, 0x000000008c800000|  0%| F|  |TAMS 0x000000008c700000| PB 0x000000008c700000| Untracked 
| 200|0x000000008c800000, 0x000000008c800000, 0x000000008c900000|  0%| F|  |TAMS 0x000000008c800000| PB 0x000000008c800000| Untracked 
| 201|0x000000008c900000, 0x000000008c900000, 0x000000008ca00000|  0%| F|  |TAMS 0x000000008c900000| PB 0x000000008c900000| Untracked 
| 202|0x000000008ca00000, 0x000000008ca00000, 0x000000008cb00000|  0%| F|  |TAMS 0x000000008ca00000| PB 0x000000008ca00000| Untracked 
| 203|0x000000008cb00000, 0x000000008cb00000, 0x000000008cc00000|  0%| F|  |TAMS 0x000000008cb00000| PB 0x000000008cb00000| Untracked 
| 204|0x000000008cc00000, 0x000000008cc00000, 0x000000008cd00000|  0%| F|  |TAMS 0x000000008cc00000| PB 0x000000008cc00000| Untracked 
| 205|0x000000008cd00000, 0x000000008cd00000, 0x000000008ce00000|  0%| F|  |TAMS 0x000000008cd00000| PB 0x000000008cd00000| Untracked 
| 206|0x000000008ce00000, 0x000000008ce00000, 0x000000008cf00000|  0%| F|  |TAMS 0x000000008ce00000| PB 0x000000008ce00000| Untracked 
| 207|0x000000008cf00000, 0x000000008cf00000, 0x000000008d000000|  0%| F|  |TAMS 0x000000008cf00000| PB 0x000000008cf00000| Untracked 
| 208|0x000000008d000000, 0x000000008d000000, 0x000000008d100000|  0%| F|  |TAMS 0x000000008d000000| PB 0x000000008d000000| Untracked 
| 209|0x000000008d100000, 0x000000008d100000, 0x000000008d200000|  0%| F|  |TAMS 0x000000008d100000| PB 0x000000008d100000| Untracked 
| 210|0x000000008d200000, 0x000000008d200000, 0x000000008d300000|  0%| F|  |TAMS 0x000000008d200000| PB 0x000000008d200000| Untracked 
| 211|0x000000008d300000, 0x000000008d300000, 0x000000008d400000|  0%| F|  |TAMS 0x000000008d300000| PB 0x000000008d300000| Untracked 
| 212|0x000000008d400000, 0x000000008d400000, 0x000000008d500000|  0%| F|  |TAMS 0x000000008d400000| PB 0x000000008d400000| Untracked 
| 213|0x000000008d500000, 0x000000008d500000, 0x000000008d600000|  0%| F|  |TAMS 0x000000008d500000| PB 0x000000008d500000| Untracked 
| 214|0x000000008d600000, 0x000000008d600000, 0x000000008d700000|  0%| F|  |TAMS 0x000000008d600000| PB 0x000000008d600000| Untracked 
| 215|0x000000008d700000, 0x000000008d700000, 0x000000008d800000|  0%| F|  |TAMS 0x000000008d700000| PB 0x000000008d700000| Untracked 
| 216|0x000000008d800000, 0x000000008d800000, 0x000000008d900000|  0%| F|  |TAMS 0x000000008d800000| PB 0x000000008d800000| Untracked 
| 217|0x000000008d900000, 0x000000008d900000, 0x000000008da00000|  0%| F|  |TAMS 0x000000008d900000| PB 0x000000008d900000| Untracked 
| 218|0x000000008da00000, 0x000000008da00000, 0x000000008db00000|  0%| F|  |TAMS 0x000000008da00000| PB 0x000000008da00000| Untracked 
| 219|0x000000008db00000, 0x000000008db00000, 0x000000008dc00000|  0%| F|  |TAMS 0x000000008db00000| PB 0x000000008db00000| Untracked 
| 220|0x000000008dc00000, 0x000000008dc00000, 0x000000008dd00000|  0%| F|  |TAMS 0x000000008dc00000| PB 0x000000008dc00000| Untracked 
| 221|0x000000008dd00000, 0x000000008dd00000, 0x000000008de00000|  0%| F|  |TAMS 0x000000008dd00000| PB 0x000000008dd00000| Untracked 
| 222|0x000000008de00000, 0x000000008de00000, 0x000000008df00000|  0%| F|  |TAMS 0x000000008de00000| PB 0x000000008de00000| Untracked 
| 223|0x000000008df00000, 0x000000008df00000, 0x000000008e000000|  0%| F|  |TAMS 0x000000008df00000| PB 0x000000008df00000| Untracked 
| 224|0x000000008e000000, 0x000000008e000000, 0x000000008e100000|  0%| F|  |TAMS 0x000000008e000000| PB 0x000000008e000000| Untracked 
| 225|0x000000008e100000, 0x000000008e100000, 0x000000008e200000|  0%| F|  |TAMS 0x000000008e100000| PB 0x000000008e100000| Untracked 
| 226|0x000000008e200000, 0x000000008e200000, 0x000000008e300000|  0%| F|  |TAMS 0x000000008e200000| PB 0x000000008e200000| Untracked 
| 227|0x000000008e300000, 0x000000008e300000, 0x000000008e400000|  0%| F|  |TAMS 0x000000008e300000| PB 0x000000008e300000| Untracked 
| 228|0x000000008e400000, 0x000000008e400000, 0x000000008e500000|  0%| F|  |TAMS 0x000000008e400000| PB 0x000000008e400000| Untracked 
| 229|0x000000008e500000, 0x000000008e500000, 0x000000008e600000|  0%| F|  |TAMS 0x000000008e500000| PB 0x000000008e500000| Untracked 
| 230|0x000000008e600000, 0x000000008e600000, 0x000000008e700000|  0%| F|  |TAMS 0x000000008e600000| PB 0x000000008e600000| Untracked 
| 231|0x000000008e700000, 0x000000008e700000, 0x000000008e800000|  0%| F|  |TAMS 0x000000008e700000| PB 0x000000008e700000| Untracked 
| 232|0x000000008e800000, 0x000000008e800000, 0x000000008e900000|  0%| F|  |TAMS 0x000000008e800000| PB 0x000000008e800000| Untracked 
| 233|0x000000008e900000, 0x000000008e900000, 0x000000008ea00000|  0%| F|  |TAMS 0x000000008e900000| PB 0x000000008e900000| Untracked 
| 234|0x000000008ea00000, 0x000000008ea00000, 0x000000008eb00000|  0%| F|  |TAMS 0x000000008ea00000| PB 0x000000008ea00000| Untracked 
| 235|0x000000008eb00000, 0x000000008eb00000, 0x000000008ec00000|  0%| F|  |TAMS 0x000000008eb00000| PB 0x000000008eb00000| Untracked 
| 236|0x000000008ec00000, 0x000000008ec00000, 0x000000008ed00000|  0%| F|  |TAMS 0x000000008ec00000| PB 0x000000008ec00000| Untracked 
| 237|0x000000008ed00000, 0x000000008ed00000, 0x000000008ee00000|  0%| F|  |TAMS 0x000000008ed00000| PB 0x000000008ed00000| Untracked 
| 238|0x000000008ee00000, 0x000000008ee00000, 0x000000008ef00000|  0%| F|  |TAMS 0x000000008ee00000| PB 0x000000008ee00000| Untracked 
| 239|0x000000008ef00000, 0x000000008ef00000, 0x000000008f000000|  0%| F|  |TAMS 0x000000008ef00000| PB 0x000000008ef00000| Untracked 
| 240|0x000000008f000000, 0x000000008f000000, 0x000000008f100000|  0%| F|  |TAMS 0x000000008f000000| PB 0x000000008f000000| Untracked 
| 241|0x000000008f100000, 0x000000008f100000, 0x000000008f200000|  0%| F|  |TAMS 0x000000008f100000| PB 0x000000008f100000| Untracked 
| 242|0x000000008f200000, 0x000000008f200000, 0x000000008f300000|  0%| F|  |TAMS 0x000000008f200000| PB 0x000000008f200000| Untracked 
| 243|0x000000008f300000, 0x000000008f400000, 0x000000008f400000|100%| E|  |TAMS 0x000000008f300000| PB 0x000000008f300000| Complete 
| 244|0x000000008f400000, 0x000000008f400000, 0x000000008f500000|  0%| F|  |TAMS 0x000000008f400000| PB 0x000000008f400000| Untracked 
| 245|0x000000008f500000, 0x000000008f500000, 0x000000008f600000|  0%| F|  |TAMS 0x000000008f500000| PB 0x000000008f500000| Untracked 
| 246|0x000000008f600000, 0x000000008f600000, 0x000000008f700000|  0%| F|  |TAMS 0x000000008f600000| PB 0x000000008f600000| Untracked 
| 247|0x000000008f700000, 0x000000008f700000, 0x000000008f800000|  0%| F|  |TAMS 0x000000008f700000| PB 0x000000008f700000| Untracked 
| 248|0x000000008f800000, 0x000000008f800000, 0x000000008f900000|  0%| F|  |TAMS 0x000000008f800000| PB 0x000000008f800000| Untracked 
| 249|0x000000008f900000, 0x000000008f900000, 0x000000008fa00000|  0%| F|  |TAMS 0x000000008f900000| PB 0x000000008f900000| Untracked 
| 250|0x000000008fa00000, 0x000000008fa00000, 0x000000008fb00000|  0%| F|  |TAMS 0x000000008fa00000| PB 0x000000008fa00000| Untracked 
| 251|0x000000008fb00000, 0x000000008fc00000, 0x000000008fc00000|100%| E|CS|TAMS 0x000000008fb00000| PB 0x000000008fb00000| Complete 
|2038|0x00000000ff600000, 0x00000000ff700000, 0x00000000ff700000|100%| E|CS|TAMS 0x00000000ff600000| PB 0x00000000ff600000| Complete 
|2039|0x00000000ff700000, 0x00000000ff800000, 0x00000000ff800000|100%| O|  |TAMS 0x00000000ff800000| PB 0x00000000ff800000| Updating 
|2040|0x00000000ff800000, 0x00000000ff900000, 0x00000000ff900000|100%| O|  |TAMS 0x00000000ff900000| PB 0x00000000ff900000| Untracked 
|2041|0x00000000ff900000, 0x00000000ffa00000, 0x00000000ffa00000|100%| O|  |TAMS 0x00000000ffa00000| PB 0x00000000ffa00000| Updating 
|2042|0x00000000ffa00000, 0x00000000ffb00000, 0x00000000ffb00000|100%| O|  |TAMS 0x00000000ffb00000| PB 0x00000000ffb00000| Untracked 
|2043|0x00000000ffb00000, 0x00000000ffc00000, 0x00000000ffc00000|100%| O|  |TAMS 0x00000000ffc00000| PB 0x00000000ffc00000| Untracked 
|2044|0x00000000ffc00000, 0x00000000ffd00000, 0x00000000ffd00000|100%| O|  |TAMS 0x00000000ffd00000| PB 0x00000000ffd00000| Untracked 
|2045|0x00000000ffd00000, 0x00000000ffe00000, 0x00000000ffe00000|100%| O|  |TAMS 0x00000000ffe00000| PB 0x00000000ffe00000| Untracked 
|2046|0x00000000ffe00000, 0x00000000fff00000, 0x00000000fff00000|100%| O|  |TAMS 0x00000000fff00000| PB 0x00000000fff00000| Untracked 
|2047|0x00000000fff00000, 0x0000000100000000, 0x0000000100000000|100%| O|  |TAMS 0x0000000100000000| PB 0x0000000100000000| Updating 

Card table byte_map: [0x0000019efa3a0000,0x0000019efa7a0000] _byte_map_base: 0x0000019ef9fa0000

Marking Bits: (CMBitMap*) 0x0000019ef6625a70
 Bits: [0x0000019efa7a0000, 0x0000019efc7a0000)

Polling page: 0x0000019ef4390000

Metaspace:

Usage:
  Non-class:    112.02 MB used.
      Class:     17.57 MB used.
       Both:    129.59 MB used.

Virtual space:
  Non-class space:      128.00 MB reserved,     113.19 MB ( 88%) committed,  2 nodes.
      Class space:        1.00 GB reserved,      18.62 MB (  2%) committed,  1 nodes.
             Both:        1.12 GB reserved,     131.81 MB ( 11%) committed. 

Chunk freelists:
   Non-Class:  14.22 MB
       Class:  13.19 MB
        Both:  27.41 MB

MaxMetaspaceSize: unlimited
CompressedClassSpaceSize: 1.00 GB
Initial GC threshold: 21.00 MB
Current GC threshold: 194.50 MB
CDS: off
 - commit_granule_bytes: 65536.
 - commit_granule_words: 8192.
 - virtual_space_node_default_size: 8388608.
 - enlarge_chunks_in_place: 1.
 - use_allocation_guard: 0.


Internal statistics:

num_allocs_failed_limit: 6.
num_arena_births: 4454.
num_arena_deaths: 4.
num_vsnodes_births: 3.
num_vsnodes_deaths: 0.
num_space_committed: 2108.
num_space_uncommitted: 0.
num_chunks_returned_to_freelist: 15.
num_chunks_taken_from_freelist: 10048.
num_chunk_merges: 6.
num_chunk_splits: 6603.
num_chunks_enlarged: 4163.
num_inconsistent_stats: 0.

CodeHeap 'non-profiled nmethods': size=119168Kb used=8774Kb max_used=9333Kb free=110394Kb
 bounds [0x0000019e87ba0000, 0x0000019e884c0000, 0x0000019e8f000000]
CodeHeap 'profiled nmethods': size=119104Kb used=24814Kb max_used=26679Kb free=94290Kb
 bounds [0x0000019e80000000, 0x0000019e81a10000, 0x0000019e87450000]
CodeHeap 'non-nmethods': size=7488Kb used=4155Kb max_used=4775Kb free=3332Kb
 bounds [0x0000019e87450000, 0x0000019e87910000, 0x0000019e87ba0000]
 total_blobs=14358 nmethods=13262 adapters=998
 compilation: enabled
              stopped_count=0, restarted_count=0
 full_count=0

Compilation events (20 events):
Event: 29.930 Thread 0x0000019eff8fafe0 15897       3       com.android.ide.common.gradle.Separator::values (10 bytes)
Event: 29.930 Thread 0x0000019eff8fafe0 nmethod 15897 0x0000019e81a09110 code [0x0000019e81a092c0, 0x0000019e81a09550]
Event: 29.930 Thread 0x0000019e99b88df0 15898   !   3       jdk.proxy4.$Proxy202::getKey (29 bytes)
Event: 29.931 Thread 0x0000019eff8fafe0 15899       3       com.android.tools.idea.gradle.project.sync.LibraryIdentity$LibraryIdentityProvider::associate$intellij_android_projectSystem_gradle_sync (61 bytes)
Event: 29.931 Thread 0x0000019e99b88df0 nmethod 15898 0x0000019e81a09610 code [0x0000019e81a097e0, 0x0000019e81a09bc0]
Event: 29.931 Thread 0x0000019e99b88df0 15900       3       com.android.tools.idea.gradle.project.sync.LibraryIdentity$LibraryIdentityProvider::toExtractedFolder (42 bytes)
Event: 29.931 Thread 0x0000019eff8fafe0 nmethod 15899 0x0000019e81a09d90 code [0x0000019e81a0a040, 0x0000019e81a0aae0]
Event: 29.931 Thread 0x0000019e99b88df0 nmethod 15900 0x0000019e81a0af10 code [0x0000019e81a0b120, 0x0000019e81a0b518]
Event: 29.932 Thread 0x0000019e99b88050 15901       1       com.android.build.gradle.internal.ide.v2.LibraryImpl::getLibraryInfo (5 bytes)
Event: 29.932 Thread 0x0000019e99b88050 nmethod 15901 0x0000019e884bcd10 code [0x0000019e884bcea0, 0x0000019e884bcf68]
Event: 29.933 Thread 0x0000019e99b88df0 15902       1       com.android.build.gradle.internal.ide.v2.LibraryImpl::getArtifact (5 bytes)
Event: 29.933 Thread 0x0000019e99b88df0 nmethod 15902 0x0000019e884bd010 code [0x0000019e884bd1a0, 0x0000019e884bd268]
Event: 29.934 Thread 0x0000019e99b88050 15903   !   3       com.android.tools.idea.gradle.project.sync.InternedModels::getLibraryByKey (60 bytes)
Event: 29.934 Thread 0x0000019e99b88df0 15904       3       com.android.tools.idea.gradle.project.sync.InternedModels::lookup (23 bytes)
Event: 29.934 Thread 0x0000019e99b88df0 nmethod 15904 0x0000019e81a0b710 code [0x0000019e81a0b960, 0x0000019e81a0c0d0]
Event: 29.934 Thread 0x0000019e99b88050 nmethod 15903 0x0000019e81a0c390 code [0x0000019e81a0c600, 0x0000019e81a0cfe0]
Event: 29.934 Thread 0x0000019e99b88050 15905       3       com.android.tools.idea.gradle.model.impl.IdeDependencyCoreImpl::<init> (21 bytes)
Event: 29.934 Thread 0x0000019e99b88050 nmethod 15905 0x0000019e81a0d390 code [0x0000019e81a0d5c0, 0x0000019e81a0dc70]
Event: 29.942 Thread 0x0000019eff8fafe0 15907       1       com.android.tools.idea.gradle.model.impl.IdeDependencyCoreImpl::getTarget (5 bytes)
Event: 29.942 Thread 0x0000019eff8fafe0 nmethod 15907 0x0000019e884bd310 code [0x0000019e884bd4a0, 0x0000019e884bd568]

GC Heap History (20 events):
Event: 14.767 GC heap before
{Heap before GC invocations=34 (full 0):
 garbage-first heap   total 194560K, used 130973K [0x0000000080000000, 0x0000000100000000)
  region size 1024K, 5 young (5120K), 3 survivors (3072K)
 Metaspace       used 96746K, committed 98752K, reserved 1179648K
  class space    used 13182K, committed 14208K, reserved 1048576K
}
Event: 14.770 GC heap after
{Heap after GC invocations=35 (full 0):
 garbage-first heap   total 233472K, used 130112K [0x0000000080000000, 0x0000000100000000)
  region size 1024K, 4 young (4096K), 4 survivors (4096K)
 Metaspace       used 96746K, committed 98752K, reserved 1179648K
  class space    used 13182K, committed 14208K, reserved 1048576K
}
Event: 15.611 GC heap before
{Heap before GC invocations=35 (full 0):
 garbage-first heap   total 233472K, used 202816K [0x0000000080000000, 0x0000000100000000)
  region size 1024K, 70 young (71680K), 4 survivors (4096K)
 Metaspace       used 101004K, committed 103040K, reserved 1179648K
  class space    used 13727K, committed 14720K, reserved 1048576K
}
Event: 15.622 GC heap after
{Heap after GC invocations=36 (full 0):
 garbage-first heap   total 233472K, used 136390K [0x0000000080000000, 0x0000000100000000)
  region size 1024K, 9 young (9216K), 9 survivors (9216K)
 Metaspace       used 101004K, committed 103040K, reserved 1179648K
  class space    used 13727K, committed 14720K, reserved 1048576K
}
Event: 16.423 GC heap before
{Heap before GC invocations=36 (full 0):
 garbage-first heap   total 233472K, used 202950K [0x0000000080000000, 0x0000000100000000)
  region size 1024K, 74 young (75776K), 9 survivors (9216K)
 Metaspace       used 105684K, committed 107776K, reserved 1179648K
  class space    used 14355K, committed 15424K, reserved 1048576K
}
Event: 16.432 GC heap after
{Heap after GC invocations=37 (full 0):
 garbage-first heap   total 233472K, used 140019K [0x0000000080000000, 0x0000000100000000)
  region size 1024K, 4 young (4096K), 4 survivors (4096K)
 Metaspace       used 105684K, committed 107776K, reserved 1179648K
  class space    used 14355K, committed 15424K, reserved 1048576K
}
Event: 17.199 GC heap before
{Heap before GC invocations=37 (full 0):
 garbage-first heap   total 233472K, used 207603K [0x0000000080000000, 0x0000000100000000)
  region size 1024K, 70 young (71680K), 4 survivors (4096K)
 Metaspace       used 111012K, committed 113216K, reserved 1179648K
  class space    used 15256K, committed 16320K, reserved 1048576K
}
Event: 17.213 GC heap after
{Heap after GC invocations=38 (full 0):
 garbage-first heap   total 233472K, used 141742K [0x0000000080000000, 0x0000000100000000)
  region size 1024K, 6 young (6144K), 6 survivors (6144K)
 Metaspace       used 111012K, committed 113216K, reserved 1179648K
  class space    used 15256K, committed 16320K, reserved 1048576K
}
Event: 18.955 GC heap before
{Heap before GC invocations=39 (full 0):
 garbage-first heap   total 237568K, used 212398K [0x0000000080000000, 0x0000000100000000)
  region size 1024K, 73 young (74752K), 6 survivors (6144K)
 Metaspace       used 116679K, committed 118912K, reserved 1179648K
  class space    used 16070K, committed 17152K, reserved 1048576K
}
Event: 18.970 GC heap after
{Heap after GC invocations=40 (full 0):
 garbage-first heap   total 237568K, used 147416K [0x0000000080000000, 0x0000000100000000)
  region size 1024K, 10 young (10240K), 10 survivors (10240K)
 Metaspace       used 116679K, committed 118912K, reserved 1179648K
  class space    used 16070K, committed 17152K, reserved 1048576K
}
Event: 23.427 GC heap before
{Heap before GC invocations=40 (full 0):
 garbage-first heap   total 237568K, used 212952K [0x0000000080000000, 0x0000000100000000)
  region size 1024K, 74 young (75776K), 10 survivors (10240K)
 Metaspace       used 116695K, committed 118912K, reserved 1179648K
  class space    used 16074K, committed 17152K, reserved 1048576K
}
Event: 23.443 GC heap after
{Heap after GC invocations=41 (full 0):
 garbage-first heap   total 237568K, used 150948K [0x0000000080000000, 0x0000000100000000)
  region size 1024K, 9 young (9216K), 9 survivors (9216K)
 Metaspace       used 116695K, committed 118912K, reserved 1179648K
  class space    used 16074K, committed 17152K, reserved 1048576K
}
Event: 25.345 GC heap before
{Heap before GC invocations=41 (full 0):
 garbage-first heap   total 237568K, used 213412K [0x0000000080000000, 0x0000000100000000)
  region size 1024K, 71 young (72704K), 9 survivors (9216K)
 Metaspace       used 117066K, committed 119296K, reserved 1179648K
  class space    used 16098K, committed 17216K, reserved 1048576K
}
Event: 25.353 GC heap after
{Heap after GC invocations=42 (full 0):
 garbage-first heap   total 237568K, used 156073K [0x0000000080000000, 0x0000000100000000)
  region size 1024K, 9 young (9216K), 9 survivors (9216K)
 Metaspace       used 117066K, committed 119296K, reserved 1179648K
  class space    used 16098K, committed 17216K, reserved 1048576K
}
Event: 25.955 GC heap before
{Heap before GC invocations=43 (full 0):
 garbage-first heap   total 261120K, used 214441K [0x0000000080000000, 0x0000000100000000)
  region size 1024K, 65 young (66560K), 9 survivors (9216K)
 Metaspace       used 122984K, committed 125248K, reserved 1179648K
  class space    used 16893K, committed 17984K, reserved 1048576K
}
Event: 25.961 GC heap after
{Heap after GC invocations=44 (full 0):
 garbage-first heap   total 261120K, used 158142K [0x0000000080000000, 0x0000000100000000)
  region size 1024K, 3 young (3072K), 3 survivors (3072K)
 Metaspace       used 122984K, committed 125248K, reserved 1179648K
  class space    used 16893K, committed 17984K, reserved 1048576K
}
Event: 27.122 GC heap before
{Heap before GC invocations=44 (full 0):
 garbage-first heap   total 261120K, used 242110K [0x0000000080000000, 0x0000000100000000)
  region size 1024K, 81 young (82944K), 3 survivors (3072K)
 Metaspace       used 131027K, committed 133312K, reserved 1179648K
  class space    used 17799K, committed 18880K, reserved 1048576K
}
Event: 27.131 GC heap after
{Heap after GC invocations=45 (full 0):
 garbage-first heap   total 261120K, used 163228K [0x0000000080000000, 0x0000000100000000)
  region size 1024K, 8 young (8192K), 8 survivors (8192K)
 Metaspace       used 131027K, committed 133312K, reserved 1179648K
  class space    used 17799K, committed 18880K, reserved 1048576K
}
Event: 29.883 GC heap before
{Heap before GC invocations=45 (full 0):
 garbage-first heap   total 261120K, used 235932K [0x0000000080000000, 0x0000000100000000)
  region size 1024K, 80 young (81920K), 8 survivors (8192K)
 Metaspace       used 132443K, committed 134720K, reserved 1179648K
  class space    used 17965K, committed 19072K, reserved 1048576K
}
Event: 29.899 GC heap after
{Heap after GC invocations=46 (full 0):
 garbage-first heap   total 261120K, used 169848K [0x0000000080000000, 0x0000000100000000)
  region size 1024K, 7 young (7168K), 7 survivors (7168K)
 Metaspace       used 132443K, committed 134720K, reserved 1179648K
  class space    used 17965K, committed 19072K, reserved 1048576K
}

Dll operation events (3 events):
Event: 0.005 Loaded shared library C:\Program Files\Android\Android Studio\jbr\bin\java.dll
Event: 0.008 Loaded shared library C:\Program Files\Android\Android Studio\jbr\bin\zip.dll
Event: 0.297 Loaded shared library C:\Program Files\Android\Android Studio\jbr\bin\verify.dll

Deoptimization events (20 events):
Event: 28.418 Thread 0x0000019e94bd9b30 Uncommon trap: trap_request=0xffffffc6 fr.pc=0x0000019e880cf8d8 relative=0x00000000000002f8
Event: 28.418 Thread 0x0000019e94bd9b30 Uncommon trap: reason=bimorphic_or_optimized_type_check action=maybe_recompile pc=0x0000019e880cf8d8 method=com.google.common.collect.ImmutableList.iterator()Ljava/util/Iterator; @ 1 c2
Event: 28.418 Thread 0x0000019e94bd9b30 DEOPT PACKING pc=0x0000019e880cf8d8 sp=0x0000002c735f8970
Event: 28.418 Thread 0x0000019e94bd9b30 DEOPT UNPACKING pc=0x0000019e874a46a2 sp=0x0000002c735f8930 mode 2
Event: 28.418 Thread 0x0000019e94bd9b30 Uncommon trap: trap_request=0xffffffc6 fr.pc=0x0000019e880cf8d8 relative=0x00000000000002f8
Event: 28.418 Thread 0x0000019e94bd9b30 Uncommon trap: reason=bimorphic_or_optimized_type_check action=maybe_recompile pc=0x0000019e880cf8d8 method=com.google.common.collect.ImmutableList.iterator()Ljava/util/Iterator; @ 1 c2
Event: 28.418 Thread 0x0000019e94bd9b30 DEOPT PACKING pc=0x0000019e880cf8d8 sp=0x0000002c735f8870
Event: 28.418 Thread 0x0000019e94bd9b30 DEOPT UNPACKING pc=0x0000019e874a46a2 sp=0x0000002c735f8830 mode 2
Event: 28.464 Thread 0x0000019e94bd9b30 Uncommon trap: trap_request=0xffffff45 fr.pc=0x0000019e87d75528 relative=0x0000000000000088
Event: 28.464 Thread 0x0000019e94bd9b30 Uncommon trap: reason=unstable_if action=reinterpret pc=0x0000019e87d75528 method=java.lang.Long.equals(Ljava/lang/Object;)Z @ 19 c2
Event: 28.464 Thread 0x0000019e94bd9b30 DEOPT PACKING pc=0x0000019e87d75528 sp=0x0000002c735f73f0
Event: 28.464 Thread 0x0000019e94bd9b30 DEOPT UNPACKING pc=0x0000019e874a46a2 sp=0x0000002c735f7380 mode 2
Event: 28.466 Thread 0x0000019e94bd9b30 Uncommon trap: trap_request=0xffffffde fr.pc=0x0000019e88305d30 relative=0x00000000000018b0
Event: 28.466 Thread 0x0000019e94bd9b30 Uncommon trap: reason=class_check action=maybe_recompile pc=0x0000019e88305d30 method=com.google.common.cache.LocalCache$Segment.put(Ljava/lang/Object;ILjava/lang/Object;Z)Ljava/lang/Object; @ 11 c2
Event: 28.466 Thread 0x0000019e94bd9b30 DEOPT PACKING pc=0x0000019e88305d30 sp=0x0000002c735f79b0
Event: 28.466 Thread 0x0000019e94bd9b30 DEOPT UNPACKING pc=0x0000019e874a46a2 sp=0x0000002c735f7948 mode 2
Event: 28.484 Thread 0x0000019e94bd9b30 Uncommon trap: trap_request=0xffffff45 fr.pc=0x0000019e8813a294 relative=0x0000000000000134
Event: 28.484 Thread 0x0000019e94bd9b30 Uncommon trap: reason=unstable_if action=reinterpret pc=0x0000019e8813a294 method=com.google.common.cache.LocalCache.isExpired(Lcom/google/common/cache/ReferenceEntry;J)Z @ 9 c2
Event: 28.484 Thread 0x0000019e94bd9b30 DEOPT PACKING pc=0x0000019e8813a294 sp=0x0000002c735f8510
Event: 28.484 Thread 0x0000019e94bd9b30 DEOPT UNPACKING pc=0x0000019e874a46a2 sp=0x0000002c735f8450 mode 2

Classes loaded (20 events):
Event: 26.807 Loading class java/io/SequenceInputStream
Event: 26.807 Loading class java/io/SequenceInputStream done
Event: 26.811 Loading class java/util/function/IntUnaryOperator
Event: 26.811 Loading class java/util/function/IntUnaryOperator done
Event: 27.483 Loading class sun/security/ssl/PreSharedKeyExtension$PskIdentity
Event: 27.483 Loading class sun/security/ssl/PreSharedKeyExtension$PskIdentity done
Event: 27.483 Loading class sun/security/ssl/PreSharedKeyExtension$CHPreSharedKeySpec
Event: 27.483 Loading class sun/security/ssl/PreSharedKeyExtension$CHPreSharedKeySpec done
Event: 27.483 Loading class sun/security/ssl/PreSharedKeyExtension$PartialClientHelloMessage
Event: 27.483 Loading class sun/security/ssl/PreSharedKeyExtension$PartialClientHelloMessage done
Event: 27.483 Loading class sun/security/ssl/SSLEngineOutputRecord
Event: 27.484 Loading class sun/security/ssl/SSLEngineOutputRecord done
Event: 27.484 Loading class sun/security/ssl/SSLEngineOutputRecord$HandshakeFragment
Event: 27.484 Loading class sun/security/ssl/SSLEngineOutputRecord$HandshakeFragment done
Event: 27.484 Loading class sun/security/ssl/SSLEngineOutputRecord$HandshakeMemo
Event: 27.484 Loading class sun/security/ssl/SSLEngineOutputRecord$RecordMemo
Event: 27.484 Loading class sun/security/ssl/SSLEngineOutputRecord$RecordMemo done
Event: 27.484 Loading class sun/security/ssl/SSLEngineOutputRecord$HandshakeMemo done
Event: 27.518 Loading class sun/security/ssl/PreSharedKeyExtension$SHPreSharedKeySpec
Event: 27.518 Loading class sun/security/ssl/PreSharedKeyExtension$SHPreSharedKeySpec done

Classes unloaded (12 events):
Event: 12.276 Thread 0x0000019eff864090 Unloading class 0x0000000100950968 '_BuildScript_$_run_closure1$_closure2'
Event: 12.276 Thread 0x0000019eff864090 Unloading class 0x0000000100950558 '_BuildScript_$_run_closure1'
Event: 12.276 Thread 0x0000019eff864090 Unloading class 0x0000000100950000 '_BuildScript_'
Event: 13.674 Thread 0x0000019eff864090 Unloading class 0x00000001009799a8 '_BuildScript_$_run_closure1$_closure3'
Event: 13.674 Thread 0x0000019eff864090 Unloading class 0x0000000100979598 '_BuildScript_$_run_closure1$_closure2'
Event: 13.674 Thread 0x0000019eff864090 Unloading class 0x0000000100979188 '_BuildScript_$_run_closure1'
Event: 13.674 Thread 0x0000019eff864090 Unloading class 0x0000000100978c30 '_BuildScript_'
Event: 13.674 Thread 0x0000019eff864090 Unloading class 0x0000000100978820 'JetGradlePlugin$_apply_closure1$_closure2$_closure3'
Event: 13.674 Thread 0x0000019eff864090 Unloading class 0x0000000100978410 'JetGradlePlugin$_apply_closure1$_closure2'
Event: 13.674 Thread 0x0000019eff864090 Unloading class 0x0000000100978000 'JetGradlePlugin$_apply_closure1'
Event: 13.674 Thread 0x0000019eff864090 Unloading class 0x00000001009712f0 'JetGradlePlugin'
Event: 13.674 Thread 0x0000019eff864090 Unloading class 0x0000000100971000 'RegistryProcessor'

Classes redefined (0 events):
No events

Internal exceptions (20 events):
Event: 25.344 Thread 0x0000019e94bd9b30 Exception <a 'java/lang/ClassNotFoundException'{0x000000008a1c20c8}: org/gradle/api/plugins/JavaPluginConventionCustomizer> (0x000000008a1c20c8) 
thrown [s\src\hotspot\share\classfile\systemDictionary.cpp, line 312]
Event: 25.345 Thread 0x0000019e94bd9b30 Exception <a 'java/lang/ClassNotFoundException'{0x000000008a1e3948}: org/gradle/api/plugins/internal/NaggingJavaPluginConventionCustomizer> (0x000000008a1e3948) 
thrown [s\src\hotspot\share\classfile\systemDictionary.cpp, line 312]
Event: 25.381 Thread 0x0000019e9ffe7de0 Exception <a 'java/lang/NoSuchMethodError'{0x000000008d951c78}: static Lorg/jetbrains/plugins/gradle/tooling/serialization/internal/adapter/kotlin/dsl/InternalKotlinDslScriptsModel;.<clinit>()V> (0x000000008d951c78) 
thrown [s\src\hotspot\share\prims\jni.cpp, line 1144]
Event: 25.382 Thread 0x0000019e9ffe7de0 Exception <a 'java/lang/NoSuchMethodError'{0x000000008d95c618}: static Lorg/jetbrains/plugins/gradle/tooling/serialization/internal/adapter/kotlin/dsl/InternalKotlinDslScriptModel;.<clinit>()V> (0x000000008d95c618) 
thrown [s\src\hotspot\share\prims\jni.cpp, line 1144]
Event: 25.419 Thread 0x0000019e9ffe7de0 Exception <a 'java/lang/NoSuchMethodError'{0x000000008d831f78}: static Lcom/intellij/gradle/toolingExtension/impl/javaModel/manifestModel/DefaultJavaGradleManifestModel;.<clinit>()V> (0x000000008d831f78) 
thrown [s\src\hotspot\share\prims\jni.cpp, line 1144]
Event: 25.535 Thread 0x0000019e94bd9b30 Exception <a 'java/lang/NoSuchMethodError'{0x000000008e974448}: 'void java.lang.invoke.DirectMethodHandle$Holder.invokeStatic(java.lang.Object, int, java.lang.Object)'> (0x000000008e974448) 
thrown [s\src\hotspot\share\interpreter\linkResolver.cpp, line 784]
Event: 25.549 Thread 0x0000019e94bd9b30 Exception <a 'java/lang/NoSuchMethodError'{0x000000008e8eb650}: 'java.lang.Object java.lang.invoke.DirectMethodHandle$Holder.newInvokeSpecial(java.lang.Object, java.lang.Object, java.lang.Object, java.lang.Object, java.lang.Object, java.lang.Object, java.lang.Object, java.lang.Object, java.lang.Object, java.lang.Object, java.lang.Object, java.lang.Object, java.lang.Object, java.lang.Object, java.lang.Object, java.lang.Object, java.lang.Object, java.lang.Object)'> (0x000000008e8eb650) 
thrown [s\src\hotspot
Event: 25.549 Thread 0x0000019e94bd9b30 Exception <a 'java/lang/NoSuchMethodError'{0x000000008e8f1c88}: 'java.lang.Object java.lang.invoke.DirectMethodHandle$Holder.invokeSpecial(java.lang.Object, java.lang.Object, java.lang.Object, java.lang.Object, java.lang.Object, java.lang.Object, java.lang.Object, java.lang.Object, java.lang.Object, java.lang.Object, java.lang.Object, java.lang.Object, java.lang.Object, java.lang.Object, java.lang.Object, java.lang.Object, java.lang.Object, java.lang.Object, java.lang.Object)'> (0x000000008e8f1c88) 
thrown
Event: 25.550 Thread 0x0000019e94bd9b30 Exception <a 'java/lang/NoSuchMethodError'{0x000000008e8f7350}: 'java.lang.Object java.lang.invoke.DelegatingMethodHandle$Holder.reinvoke_L(java.lang.Object, java.lang.Object, java.lang.Object, java.lang.Object, java.lang.Object, java.lang.Object, java.lang.Object, java.lang.Object, java.lang.Object, java.lang.Object, java.lang.Object, java.lang.Object, java.lang.Object, java.lang.Object, java.lang.Object, java.lang.Object, java.lang.Object, java.lang.Object)'> (0x000000008e8f7350) 
thrown [s\src\hotspot\s
Event: 25.719 Thread 0x0000019e94bd9b30 Exception <a 'sun/nio/fs/WindowsException'{0x000000008d6333f8}> (0x000000008d6333f8) 
thrown [s\src\hotspot\share\prims\jni.cpp, line 537]
Event: 25.720 Thread 0x0000019e94bd9b30 Exception <a 'sun/nio/fs/WindowsException'{0x000000008d634ac8}> (0x000000008d634ac8) 
thrown [s\src\hotspot\share\prims\jni.cpp, line 537]
Event: 25.720 Thread 0x0000019e94bd9b30 Exception <a 'sun/nio/fs/WindowsException'{0x000000008d6361e8}> (0x000000008d6361e8) 
thrown [s\src\hotspot\share\prims\jni.cpp, line 537]
Event: 25.720 Thread 0x0000019e94bd9b30 Exception <a 'sun/nio/fs/WindowsException'{0x000000008d637908}> (0x000000008d637908) 
thrown [s\src\hotspot\share\prims\jni.cpp, line 537]
Event: 25.800 Thread 0x0000019e94bd9b30 Exception <a 'java/lang/NullPointerException'{0x000000008ca48ad0}> (0x000000008ca48ad0) 
thrown [s\src\hotspot\share\interpreter\linkResolver.cpp, line 1471]
Event: 26.761 Thread 0x0000019e94bd9b30 Exception <a 'java/lang/NoSuchMethodError'{0x000000008b08e530}: 'java.lang.Object java.lang.invoke.DirectMethodHandle$Holder.invokeStatic(java.lang.Object, int, int, java.lang.Object, java.lang.Object, java.lang.Object)'> (0x000000008b08e530) 
thrown [s\src\hotspot\share\interpreter\linkResolver.cpp, line 784]
Event: 26.761 Thread 0x0000019e94bd9b30 Exception <a 'java/lang/NoSuchMethodError'{0x000000008b096ed8}: 'java.lang.Object java.lang.invoke.DirectMethodHandle$Holder.newInvokeSpecial(java.lang.Object, int, int, java.lang.Object, java.lang.Object)'> (0x000000008b096ed8) 
thrown [s\src\hotspot\share\interpreter\linkResolver.cpp, line 784]
Event: 26.762 Thread 0x0000019e94bd9b30 Exception <a 'java/lang/NoSuchMethodError'{0x000000008b09b540}: 'java.lang.Object java.lang.invoke.DirectMethodHandle$Holder.invokeSpecial(java.lang.Object, java.lang.Object, int, int, java.lang.Object, java.lang.Object)'> (0x000000008b09b540) 
thrown [s\src\hotspot\share\interpreter\linkResolver.cpp, line 784]
Event: 26.811 Thread 0x0000019e94bd9b30 Exception <a 'java/lang/NoSuchMethodError'{0x000000008ae7f4f0}: 'int java.lang.invoke.DirectMethodHandle$Holder.invokeSpecial(java.lang.Object, java.lang.Object, int)'> (0x000000008ae7f4f0) 
thrown [s\src\hotspot\share\interpreter\linkResolver.cpp, line 784]
Event: 29.825 Thread 0x0000019e94bd9b30 Exception <a 'java/lang/NoSuchMethodError'{0x000000008b24d290}: 'java.lang.Object java.lang.invoke.DirectMethodHandle$Holder.newInvokeSpecial(java.lang.Object, int, java.lang.Object, java.lang.Object)'> (0x000000008b24d290) 
thrown [s\src\hotspot\share\interpreter\linkResolver.cpp, line 784]
Event: 29.825 Thread 0x0000019e94bd9b30 Exception <a 'java/lang/NoSuchMethodError'{0x000000008b2518b0}: 'java.lang.Object java.lang.invoke.DirectMethodHandle$Holder.invokeSpecial(java.lang.Object, java.lang.Object, int, java.lang.Object, java.lang.Object)'> (0x000000008b2518b0) 
thrown [s\src\hotspot\share\interpreter\linkResolver.cpp, line 784]

ZGC Phase Switch (0 events):
No events

VM Operations (20 events):
Event: 26.290 Executing VM operation: ICBufferFull done
Event: 26.713 Executing VM operation: HandshakeAllThreads (Deoptimize)
Event: 26.714 Executing VM operation: HandshakeAllThreads (Deoptimize) done
Event: 26.747 Executing VM operation: HandshakeAllThreads (Deoptimize)
Event: 26.747 Executing VM operation: HandshakeAllThreads (Deoptimize) done
Event: 26.786 Executing VM operation: ICBufferFull
Event: 26.786 Executing VM operation: ICBufferFull done
Event: 27.044 Executing VM operation: ICBufferFull
Event: 27.045 Executing VM operation: ICBufferFull done
Event: 27.122 Executing VM operation: G1CollectForAllocation (G1 Evacuation Pause)
Event: 27.131 Executing VM operation: G1CollectForAllocation (G1 Evacuation Pause) done
Event: 27.377 Executing VM operation: HandshakeAllThreads (Deoptimize)
Event: 27.377 Executing VM operation: HandshakeAllThreads (Deoptimize) done
Event: 27.521 Executing VM operation: ICBufferFull
Event: 27.521 Executing VM operation: ICBufferFull done
Event: 28.530 Executing VM operation: Cleanup
Event: 29.538 Executing VM operation: Cleanup done
Event: 29.883 Executing VM operation: G1CollectForAllocation (G1 Evacuation Pause)
Event: 29.899 Executing VM operation: G1CollectForAllocation (G1 Evacuation Pause) done
Event: 29.945 Executing VM operation: G1PauseRemark

Memory protections (0 events):
No events

Nmethod flushes (20 events):
Event: 29.950 Thread 0x0000019eff864090 flushing  nmethod 0x0000019e80bd6510
Event: 29.950 Thread 0x0000019eff864090 flushing  nmethod 0x0000019e80bd6e10
Event: 29.950 Thread 0x0000019eff864090 flushing  nmethod 0x0000019e80bdc790
Event: 29.950 Thread 0x0000019eff864090 flushing  nmethod 0x0000019e80c68710
Event: 29.950 Thread 0x0000019eff864090 flushing  nmethod 0x0000019e80cce010
Event: 29.950 Thread 0x0000019eff864090 flushing  nmethod 0x0000019e80d36690
Event: 29.950 Thread 0x0000019eff864090 flushing  nmethod 0x0000019e80d37c90
Event: 29.950 Thread 0x0000019eff864090 flushing  nmethod 0x0000019e80e02390
Event: 29.950 Thread 0x0000019eff864090 flushing  nmethod 0x0000019e80e49e10
Event: 29.950 Thread 0x0000019eff864090 flushing  nmethod 0x0000019e80e89d10
Event: 29.950 Thread 0x0000019eff864090 flushing  nmethod 0x0000019e80e93190
Event: 29.950 Thread 0x0000019eff864090 flushing  nmethod 0x0000019e80f0b710
Event: 29.950 Thread 0x0000019eff864090 flushing  nmethod 0x0000019e81041090
Event: 29.950 Thread 0x0000019eff864090 flushing  nmethod 0x0000019e81045390
Event: 29.950 Thread 0x0000019eff864090 flushing  nmethod 0x0000019e81200d10
Event: 29.950 Thread 0x0000019eff864090 flushing  nmethod 0x0000019e813f7f10
Event: 29.950 Thread 0x0000019eff864090 flushing  nmethod 0x0000019e8143f910
Event: 29.950 Thread 0x0000019eff864090 flushing  nmethod 0x0000019e81441090
Event: 29.950 Thread 0x0000019eff864090 flushing  nmethod 0x0000019e81447f10
Event: 29.950 Thread 0x0000019eff864090 flushing  nmethod 0x0000019e81448d10

Events (20 events):
Event: 28.512 Thread 0x0000019e94bd9b30 Thread added: 0x0000019e95734b80
Event: 28.513 Thread 0x0000019e94bd9b30 Thread added: 0x0000019e95737970
Event: 28.513 Thread 0x0000019e94bd9b30 Thread added: 0x0000019e95738690
Event: 28.514 Thread 0x0000019e94bd9b30 Thread added: 0x0000019e957365c0
Event: 28.514 Thread 0x0000019e94bd9b30 Thread added: 0x0000019e95735210
Event: 28.530 Thread 0x0000019e94bd9b30 Thread added: 0x0000019e95739a40
Event: 29.538 Thread 0x0000019e94bd9b30 Thread added: 0x0000019e957393b0
Event: 29.539 Thread 0x0000019e99b894c0 Thread exited: 0x0000019e99b894c0
Event: 29.539 Thread 0x0000019e94bd9b30 Thread added: 0x0000019e9573a0d0
Event: 29.540 Thread 0x0000019e94bd9b30 Thread added: 0x0000019e95738d20
Event: 29.540 Thread 0x0000019e94bd9b30 Thread added: 0x0000019e9573a760
Event: 29.556 Thread 0x0000019e94bd9b30 Thread added: 0x0000019e9573c1a0
Event: 29.679 Thread 0x0000019e95e4c3b0 Thread exited: 0x0000019e95e4c3b0
Event: 29.749 Thread 0x0000019e94bd9b30 Thread added: 0x0000019e9573c830
Event: 29.749 Thread 0x0000019e94bd9b30 Thread added: 0x0000019e9573cec0
Event: 29.749 Thread 0x0000019e94bd9b30 Thread added: 0x0000019e9573adf0
Event: 29.749 Thread 0x0000019e94bd9b30 Thread added: 0x0000019e9573bb10
Event: 29.749 Thread 0x0000019e94bd9b30 Thread added: 0x0000019e9573b480
Event: 29.749 Thread 0x0000019e94bd9b30 Thread added: 0x0000019ea0216de0
Event: 29.842 Thread 0x0000019eff8fafe0 Thread added: 0x0000019e95e4c3b0


Dynamic libraries:
0x00007ff7067f0000 - 0x00007ff7067fa000 	C:\Program Files\Android\Android Studio\jbr\bin\java.exe
0x00007ffd41180000 - 0x00007ffd413e9000 	C:\WINDOWS\SYSTEM32\ntdll.dll
0x00007ffd3fb70000 - 0x00007ffd3fc39000 	C:\WINDOWS\System32\KERNEL32.DLL
0x00007ffd3e9e0000 - 0x00007ffd3edd3000 	C:\WINDOWS\System32\KERNELBASE.dll
0x00007ffd3e890000 - 0x00007ffd3e9db000 	C:\WINDOWS\System32\ucrtbase.dll
0x00007ffd2e0e0000 - 0x00007ffd2e0f8000 	C:\Program Files\Android\Android Studio\jbr\bin\jli.dll
0x00007ffd3f800000 - 0x00007ffd3f9c4000 	C:\WINDOWS\System32\USER32.dll
0x00007ffd35650000 - 0x00007ffd3566b000 	C:\Program Files\Android\Android Studio\jbr\bin\VCRUNTIME140.dll
0x00007ffd3e310000 - 0x00007ffd3e337000 	C:\WINDOWS\System32\win32u.dll
0x00007ffd1d020000 - 0x00007ffd1d2b3000 	C:\WINDOWS\WinSxS\amd64_microsoft.windows.common-controls_6595b64144ccf1df_6.0.26100.5074_none_3e0d6f78e32fd63f\COMCTL32.dll
0x00007ffd3f6b0000 - 0x00007ffd3f6db000 	C:\WINDOWS\System32\GDI32.dll
0x00007ffd3f2a0000 - 0x00007ffd3f349000 	C:\WINDOWS\System32\msvcrt.dll
0x00007ffd3e340000 - 0x00007ffd3e46d000 	C:\WINDOWS\System32\gdi32full.dll
0x00007ffd3e680000 - 0x00007ffd3e723000 	C:\WINDOWS\System32\msvcp_win.dll
0x00007ffd3ef50000 - 0x00007ffd3ef7f000 	C:\WINDOWS\System32\IMM32.DLL
0x00007ffd38980000 - 0x00007ffd3898c000 	C:\Program Files\Android\Android Studio\jbr\bin\vcruntime140_1.dll
0x00007ffd2e050000 - 0x00007ffd2e0dd000 	C:\Program Files\Android\Android Studio\jbr\bin\msvcp140.dll
0x00007ffcef650000 - 0x00007ffcf02de000 	C:\Program Files\Android\Android Studio\jbr\bin\server\jvm.dll
0x00007ffd40b10000 - 0x00007ffd40bc4000 	C:\WINDOWS\System32\ADVAPI32.dll
0x00007ffd3fc50000 - 0x00007ffd3fcf6000 	C:\WINDOWS\System32\sechost.dll
0x00007ffd3f3a0000 - 0x00007ffd3f4b8000 	C:\WINDOWS\System32\RPCRT4.dll
0x00007ffd3ef90000 - 0x00007ffd3f004000 	C:\WINDOWS\System32\WS2_32.dll
0x00007ffd3dea0000 - 0x00007ffd3defe000 	C:\WINDOWS\SYSTEM32\POWRPROF.dll
0x00007ffd2f190000 - 0x00007ffd2f1c5000 	C:\WINDOWS\SYSTEM32\WINMM.dll
0x00007ffd332c0000 - 0x00007ffd332cb000 	C:\WINDOWS\SYSTEM32\VERSION.dll
0x00007ffd3de80000 - 0x00007ffd3de94000 	C:\WINDOWS\SYSTEM32\UMPDC.dll
0x00007ffd3d0f0000 - 0x00007ffd3d10b000 	C:\WINDOWS\SYSTEM32\kernel.appcore.dll
0x00007ffd38860000 - 0x00007ffd3886a000 	C:\Program Files\Android\Android Studio\jbr\bin\jimage.dll
0x00007ffd3ba50000 - 0x00007ffd3bc92000 	C:\WINDOWS\SYSTEM32\DBGHELP.DLL
0x00007ffd404b0000 - 0x00007ffd4082b000 	C:\WINDOWS\System32\combase.dll
0x00007ffd41060000 - 0x00007ffd41137000 	C:\WINDOWS\System32\OLEAUT32.dll
0x00007ffd11270000 - 0x00007ffd112ad000 	C:\WINDOWS\SYSTEM32\dbgcore.DLL
0x00007ffd3e730000 - 0x00007ffd3e7c9000 	C:\WINDOWS\System32\bcryptPrimitives.dll
0x00007ffd2df70000 - 0x00007ffd2df7e000 	C:\Program Files\Android\Android Studio\jbr\bin\instrument.dll
0x00007ffd352f0000 - 0x00007ffd35310000 	C:\Program Files\Android\Android Studio\jbr\bin\java.dll
0x00007ffd332e0000 - 0x00007ffd332f8000 	C:\Program Files\Android\Android Studio\jbr\bin\zip.dll
0x00007ffd3fd60000 - 0x00007ffd404ad000 	C:\WINDOWS\System32\SHELL32.dll
0x00007ffd3ede0000 - 0x00007ffd3ef4c000 	C:\WINDOWS\System32\wintypes.dll
0x00007ffd3bfb0000 - 0x00007ffd3c809000 	C:\WINDOWS\SYSTEM32\windows.storage.dll
0x00007ffd40a10000 - 0x00007ffd40b00000 	C:\WINDOWS\System32\SHCORE.dll
0x00007ffd3f190000 - 0x00007ffd3f1f2000 	C:\WINDOWS\System32\shlwapi.dll
0x00007ffd3e230000 - 0x00007ffd3e259000 	C:\WINDOWS\SYSTEM32\profapi.dll
0x00007ffd35040000 - 0x00007ffd35050000 	C:\Program Files\Android\Android Studio\jbr\bin\net.dll
0x00007ffd347a0000 - 0x00007ffd348bf000 	C:\WINDOWS\SYSTEM32\WINHTTP.dll
0x00007ffd3d670000 - 0x00007ffd3d6db000 	C:\WINDOWS\system32\mswsock.dll
0x00007ffd331f0000 - 0x00007ffd33206000 	C:\Program Files\Android\Android Studio\jbr\bin\nio.dll
0x00007ffd32cf0000 - 0x00007ffd32d00000 	C:\Program Files\Android\Android Studio\jbr\bin\verify.dll
0x00007ffd2e100000 - 0x00007ffd2e127000 	C:\Users\WIN11\.gradle\native\1def1411415f61bf3af743bc5b6707747c0891f09f0c88961ee8f79bc544acac\windows-amd64\native-platform.dll
0x00007ffcf91d0000 - 0x00007ffcf9248000 	C:\Users\WIN11\.gradle\native\0.2.7\x86_64-windows-gnu\gradle-fileevents.dll
0x00007ffd33a40000 - 0x00007ffd33a49000 	C:\Program Files\Android\Android Studio\jbr\bin\management.dll
0x00007ffd332d0000 - 0x00007ffd332db000 	C:\Program Files\Android\Android Studio\jbr\bin\management_ext.dll
0x00007ffd3f200000 - 0x00007ffd3f208000 	C:\WINDOWS\System32\PSAPI.DLL
0x00007ffd3cb10000 - 0x00007ffd3cb44000 	C:\WINDOWS\SYSTEM32\IPHLPAPI.DLL
0x00007ffd3fd50000 - 0x00007ffd3fd5a000 	C:\WINDOWS\System32\NSI.dll
0x00007ffd34320000 - 0x00007ffd34329000 	C:\Program Files\Android\Android Studio\jbr\bin\extnet.dll
0x00007ffd3d910000 - 0x00007ffd3d92b000 	C:\WINDOWS\SYSTEM32\CRYPTSP.dll
0x00007ffd3d050000 - 0x00007ffd3d08b000 	C:\WINDOWS\system32\rsaenh.dll
0x00007ffd3d710000 - 0x00007ffd3d73b000 	C:\WINDOWS\SYSTEM32\USERENV.dll
0x00007ffd3e200000 - 0x00007ffd3e226000 	C:\WINDOWS\SYSTEM32\bcrypt.dll
0x00007ffd3d930000 - 0x00007ffd3d93c000 	C:\WINDOWS\SYSTEM32\CRYPTBASE.dll
0x00007ffd0fe50000 - 0x00007ffd0fe58000 	C:\WINDOWS\system32\wshunix.dll
0x00007ffd3cc00000 - 0x00007ffd3cd26000 	C:\WINDOWS\SYSTEM32\DNSAPI.dll
0x00007ffd32630000 - 0x00007ffd3263b000 	C:\Windows\System32\rasadhlp.dll
0x00007ffd32d40000 - 0x00007ffd32dc6000 	C:\WINDOWS\System32\fwpuclnt.dll

dbghelp: loaded successfully - version: 4.0.5 - missing functions: none
symbol engine: initialized successfully - sym options: 0x614 - pdb path: .;C:\Program Files\Android\Android Studio\jbr\bin;C:\WINDOWS\SYSTEM32;C:\WINDOWS\WinSxS\amd64_microsoft.windows.common-controls_6595b64144ccf1df_6.0.26100.5074_none_3e0d6f78e32fd63f;C:\Program Files\Android\Android Studio\jbr\bin\server;C:\Users\WIN11\.gradle\native\1def1411415f61bf3af743bc5b6707747c0891f09f0c88961ee8f79bc544acac\windows-amd64;C:\Users\WIN11\.gradle\native\0.2.7\x86_64-windows-gnu

VM Arguments:
jvm_args: --add-opens=java.base/java.lang=ALL-UNNAMED --add-opens=java.base/java.lang.invoke=ALL-UNNAMED --add-opens=java.base/java.util=ALL-UNNAMED --add-opens=java.prefs/java.util.prefs=ALL-UNNAMED --add-exports=jdk.compiler/com.sun.tools.javac.api=ALL-UNNAMED --add-exports=jdk.compiler/com.sun.tools.javac.util=ALL-UNNAMED --add-opens=java.base/java.util=ALL-UNNAMED --add-opens=java.prefs/java.util.prefs=ALL-UNNAMED --add-opens=java.base/java.nio.charset=ALL-UNNAMED --add-opens=java.base/java.net=ALL-UNNAMED --add-opens=java.base/java.util.concurrent.atomic=ALL-UNNAMED --add-opens=java.xml/javax.xml.namespace=ALL-UNNAMED -Xmx2048m -Dfile.encoding=UTF-8 -Duser.country=US -Duser.language=en -Duser.variant -javaagent:C:\Users\WIN11\.gradle\wrapper\dists\gradle-8.14.3-bin\cv11ve7ro1n3o1j4so8xd9n66\gradle-8.14.3\lib\agents\gradle-instrumentation-agent-8.14.3.jar 
java_command: org.gradle.launcher.daemon.bootstrap.GradleDaemon 8.14.3
java_class_path (initial): C:\Users\WIN11\.gradle\wrapper\dists\gradle-8.14.3-bin\cv11ve7ro1n3o1j4so8xd9n66\gradle-8.14.3\lib\gradle-daemon-main-8.14.3.jar
Launcher Type: SUN_STANDARD

[Global flags]
     intx CICompilerCount                          = 12                                        {product} {ergonomic}
     uint ConcGCThreads                            = 3                                         {product} {ergonomic}
     uint G1ConcRefinementThreads                  = 13                                        {product} {ergonomic}
   size_t G1HeapRegionSize                         = 1048576                                   {product} {ergonomic}
    uintx GCDrainStackTargetSize                   = 64                                        {product} {ergonomic}
   size_t InitialHeapSize                          = 264241152                                 {product} {ergonomic}
   size_t MarkStackSize                            = 4194304                                   {product} {ergonomic}
   size_t MaxHeapSize                              = 2147483648                                {product} {command line}
   size_t MaxNewSize                               = 1287651328                                {product} {ergonomic}
   size_t MinHeapDeltaBytes                        = 1048576                                   {product} {ergonomic}
   size_t MinHeapSize                              = 8388608                                   {product} {ergonomic}
    uintx NonNMethodCodeHeapSize                   = 7602480                                {pd product} {ergonomic}
    uintx NonProfiledCodeHeapSize                  = 122027880                              {pd product} {ergonomic}
    uintx ProfiledCodeHeapSize                     = 122027880                              {pd product} {ergonomic}
    uintx ReservedCodeCacheSize                    = 251658240                              {pd product} {ergonomic}
     bool SegmentedCodeCache                       = true                                      {product} {ergonomic}
   size_t SoftMaxHeapSize                          = 2147483648                             {manageable} {ergonomic}
     bool UseCompressedOops                        = true                           {product lp64_product} {ergonomic}
     bool UseG1GC                                  = true                                      {product} {ergonomic}
     bool UseLargePagesIndividualAllocation        = false                                  {pd product} {ergonomic}

Logging:
Log output configuration:
 #0: stdout all=warning uptime,level,tags foldmultilines=false
 #1: stderr all=off uptime,level,tags foldmultilines=false

Environment Variables:
JAVA_HOME=C:\Program Files\Java\jdk-17
PATH=C:\Program Files\Common Files\Oracle\Java\javapath;C:\Program Files (x86)\VMware\VMware Workstation\bin\;C:\Windows\system32;C:\Windows;C:\Windows\System32\Wbem;C:\Windows\System32\WindowsPowerShell\v1.0\;C:\Windows\System32\OpenSSH\;C:\Program Files (x86)\NVIDIA Corporation\PhysX\Common;C:\WINDOWS\system32;C:\WINDOWS;C:\WINDOWS\System32\Wbem;C:\WINDOWS\System32\WindowsPowerShell\v1.0\;C:\WINDOWS\System32\OpenSSH\;C:\Program Files\Java\jdk-1.8\bin;C:\Program Files (x86)\Microsoft SQL Server\160\Tools\Binn\;C:\Program Files\Microsoft SQL Server\160\Tools\Binn\;C:\Program Files\Microsoft SQL Server\Client SDK\ODBC\170\Tools\Binn\;C:\Program Files\Microsoft SQL Server\160\DTS\Binn\;C:\Program Files (x86)\Microsoft SQL Server\160\DTS\Binn\;C:\Program Files\NVIDIA Corporation\NVIDIA App\NvDLISR;C:\Program Files\Microsoft SQL Server\150\Tools\Binn\;C:\Program Files\Git\cmd;C:\Program Files\nodejs\;C:\ProgramData\chocolatey\bin;C:\Program Files\Java\jdk-21\bin;C:\Users\WIN11\AppData\Local\Android\Sdk\platform-tools;C:\Program Files\Java\jdk-17\bin;C:\Program Files\dotnet\;C:\Program Files\cursor\resources\app\bin;C:\Users\WIN11\AppData\Local\Programs\Python\Python313\Scripts\;C:\Users\WIN11\AppData\Local\Programs\Python\Python313\;C:\Users\WIN11\AppData\Local\Microsoft\WindowsApps;C:\Program Files\Azure Data Studio\bin;C:\Users\WIN11\AppData\Local\Programs\Microsoft VS Code\bin;C:\Users\WIN11\.dotnet\tools;C:\Users\WIN11\AppData\Local\GitHubDesktop\bin;C:\Users\WIN11\AppData\Roaming\npm;;C:\Users\WIN11\.lmstudio\bin;%USERPROFILE%\AppData\Local\Microsoft\WindowsApps
USERNAME=WIN11
OS=Windows_NT
PROCESSOR_IDENTIFIER=Intel64 Family 6 Model 154 Stepping 3, GenuineIntel
TMP=C:\Users\WIN11\AppData\Local\Temp
TEMP=C:\Users\WIN11\AppData\Local\Temp




Periodic native trim disabled

JNI global refs:
JNI global refs: 39, weak refs: 3

JNI global refs memory usage: 835, weak refs: 833

Process memory usage:
Resident Set Size: 620336K (3% of 16474616K total physical memory with 7870144K free physical memory)

OOME stack traces (most recent first):
Classloader memory used:
Loader org.gradle.internal.classloader.VisitableURLClassLoader                         : 50811K
Loader bootstrap                                                                       : 32323K
Loader org.gradle.internal.classloader.VisitableURLClassLoader$InstrumentingVisitableURLClassLoader: 27010K
Loader org.gradle.initialization.MixInLegacyTypesClassLoader                           : 14089K
Loader org.gradle.internal.classloader.VisitableURLClassLoader                         : 6860K
Loader jdk.internal.loader.ClassLoaders$PlatformClassLoader                            : 809K
Loader jdk.internal.reflect.DelegatingClassLoader                                      : 427K
Loader jdk.internal.loader.ClassLoaders$AppClassLoader                                 : 235K
Loader org.gradle.groovy.scripts.internal.DefaultScriptCompilationHandler$ScriptClassLoader: 89336B
Loader org.codehaus.groovy.runtime.callsite.CallSiteClassLoader                        : 49752B

Classes loaded by more than one classloader:
Class Program                                                                         : loaded 5 times (x 70B)
Class com.google.common.collect.Iterators$MergingIterator                             : loaded 3 times (x 79B)
Class com.google.common.collect.ImmutableList$SubList                                 : loaded 3 times (x 207B)
Class com.google.common.collect.RegularImmutableMap$KeySet                            : loaded 3 times (x 150B)
Class com.google.common.collect.ImmutableSet$SetBuilderImpl                           : loaded 3 times (x 74B)
Class com.google.common.collect.ImmutableList                                         : loaded 3 times (x 204B)
Class Build_gradle                                                                    : loaded 3 times (x 128B)
Class com.google.common.collect.ImmutableMapEntrySet$RegularEntrySet                  : loaded 3 times (x 150B)
Class com.google.common.base.Joiner$2                                                 : loaded 3 times (x 77B)
Class com.google.common.collect.PeekingIterator                                       : loaded 3 times (x 68B)
Class com.google.common.base.Joiner$1                                                 : loaded 3 times (x 78B)
Class com.google.common.base.Preconditions                                            : loaded 3 times (x 69B)
Class com.google.common.collect.RegularImmutableMap$BucketOverflowException           : loaded 3 times (x 80B)
Class com.google.common.collect.ImmutableSet$RegularSetBuilderImpl                    : loaded 3 times (x 75B)
Class org.gradle.internal.IoActions                                                   : loaded 3 times (x 69B)
Class org.gradle.api.GradleException                                                  : loaded 3 times (x 80B)
Class com.google.common.collect.ImmutableEntry                                        : loaded 3 times (x 80B)
Class com.google.common.collect.ImmutableMap                                          : loaded 3 times (x 118B)
Class com.google.common.base.Predicate                                                : loaded 3 times (x 68B)
Class org.gradle.internal.Cast                                                        : loaded 3 times (x 69B)
Class org.gradle.api.Action                                                           : loaded 3 times (x 68B)
Class com.google.common.collect.ImmutableSet                                          : loaded 3 times (x 143B)
Class com.google.common.collect.RegularImmutableMap$Values                            : loaded 3 times (x 205B)
Class com.google.common.collect.ImmutableList$1                                       : loaded 3 times (x 95B)
Class Build_gradle$1                                                                  : loaded 3 times (x 72B)
Class com.google.common.collect.RegularImmutableList                                  : loaded 3 times (x 211B)
Class com.google.common.collect.ImmutableMapEntry$NonTerminalImmutableMapEntry        : loaded 3 times (x 83B)
Class com.google.common.base.Function                                                 : loaded 3 times (x 68B)
Class com.google.common.collect.ImmutableMapEntry                                     : loaded 3 times (x 83B)
Class com.google.common.collect.RegularImmutableMap                                   : loaded 3 times (x 119B)
Class com.google.common.collect.ImmutableMap$MapViewOfValuesAsSingletonSets           : loaded 3 times (x 124B)
Class com.google.common.collect.RegularImmutableSet                                   : loaded 3 times (x 147B)
Class com.google.common.collect.ImmutableAsList                                       : loaded 3 times (x 207B)
Class com.google.common.collect.Iterators$9                                           : loaded 3 times (x 79B)
Class com.google.common.collect.ImmutableSet$CachingAsList                            : loaded 3 times (x 146B)
Class com.google.common.collect.Lists                                                 : loaded 3 times (x 69B)
Class com.google.common.collect.ImmutableCollection                                   : loaded 3 times (x 123B)
Class com.google.common.collect.Iterators$5                                           : loaded 3 times (x 80B)
Class com.google.common.collect.ImmutableBiMap                                        : loaded 3 times (x 141B)
Class com.google.common.collect.UnmodifiableListIterator                              : loaded 3 times (x 93B)
Class com.google.common.collect.Iterators$4                                           : loaded 3 times (x 80B)
Class com.google.common.collect.ImmutableMap$IteratorBasedImmutableMap                : loaded 3 times (x 124B)
Class com.google.common.collect.SingletonImmutableSet                                 : loaded 3 times (x 144B)
Class com.google.common.collect.Iterators$1                                           : loaded 3 times (x 79B)
Class com.google.common.collect.ImmutableList$ReverseImmutableList                    : loaded 3 times (x 207B)
Class org.gradle.api.UncheckedIOException                                             : loaded 3 times (x 80B)
Class com.google.common.collect.SingletonImmutableList                                : loaded 3 times (x 205B)
Class com.google.common.collect.Iterables                                             : loaded 3 times (x 69B)
Class com.google.common.collect.ImmutableMapEntrySet                                  : loaded 3 times (x 150B)
Class com.google.common.collect.AbstractIndexedListIterator                           : loaded 3 times (x 94B)
Class com.google.common.collect.ObjectArrays                                          : loaded 3 times (x 69B)
Class com.google.common.collect.AbstractIterator                                      : loaded 3 times (x 80B)
Class com.google.common.collect.ImmutableMap$1                                        : loaded 3 times (x 79B)
Class com.google.common.collect.BiMap                                                 : loaded 3 times (x 68B)
Class com.google.common.collect.IndexedImmutableSet                                   : loaded 3 times (x 150B)
Class com.google.common.collect.Lists$StringAsImmutableList                           : loaded 3 times (x 205B)
Class com.google.common.collect.Iterators                                             : loaded 3 times (x 69B)
Class com.google.common.collect.RegularImmutableAsList                                : loaded 3 times (x 215B)
Class com.google.common.collect.ImmutableList$Builder                                 : loaded 3 times (x 75B)
Class com.google.common.collect.AbstractMapEntry                                      : loaded 3 times (x 79B)
Class com.google.common.collect.Iterators$SingletonIterator                           : loaded 3 times (x 79B)
Class com.google.common.collect.UnmodifiableIterator                                  : loaded 3 times (x 78B)
Class com.google.common.base.Joiner                                                   : loaded 3 times (x 77B)
Class com.google.common.collect.ImmutableCollection$Builder                           : loaded 3 times (x 74B)
Class com.google.common.collect.Iterators$ArrayItr                                    : loaded 3 times (x 95B)
Class com.google.common.collect.ImmutableRangeSet                                     : loaded 2 times (x 113B)
Class org.gradle.tooling.internal.gradle.DefaultProjectIdentifier                     : loaded 2 times (x 84B)
Class com.android.ide.common.gradle.Numeric                                           : loaded 2 times (x 75B)
Class com.google.common.collect.Sets$1                                                : loaded 2 times (x 137B)
Class org.objectweb.asm.AnnotationVisitor                                             : loaded 2 times (x 76B)
Class com.intellij.gradle.toolingExtension.impl.model.buildScriptClasspathModel.GradleBuildScriptClasspathSerializationService$ReadContext: loaded 2 times (x 70B)
Class org.gradle.internal.impldep.gnu.trove.TObjectIntHashMap                         : loaded 2 times (x 107B)
Class com.google.common.collect.ComparatorOrdering                                    : loaded 2 times (x 113B)
Class org.gradle.api.internal.DefaultClassPathProvider                                : loaded 2 times (x 74B)
Class com.android.builder.model.v2.models.BasicAndroidProject                         : loaded 2 times (x 68B)
Class com.google.common.collect.Sets$2                                                : loaded 2 times (x 137B)
Class kotlin.text.StringsKt__StringNumberConversionsJVMKt                             : loaded 2 times (x 69B)
Class com.google.common.collect.NaturalOrdering                                       : loaded 2 times (x 113B)
Class kotlin.text.MatchResult                                                         : loaded 2 times (x 68B)
Class kotlin.sequences.SequenceScope                                                  : loaded 2 times (x 71B)
Class kotlin.sequences.Sequence                                                       : loaded 2 times (x 68B)
Class org.gradle.tooling.ToolingModelContract                                         : loaded 2 times (x 68B)
Class [Lorg.gradle.api.internal.ClassPathProvider;                                    : loaded 2 times (x 67B)
Class org.gradle.api.internal.ClassPathProvider                                       : loaded 2 times (x 68B)
Class [Lorg.objectweb.asm.AnnotationVisitor;                                          : loaded 2 times (x 67B)
Class com.google.common.collect.Sets$3                                                : loaded 2 times (x 137B)
Class com.google.common.cache.LocalCache$LocalLoadingCache                            : loaded 2 times (x 132B)
Class org.gradle.internal.impldep.gnu.trove.TObjectHash$NULL                          : loaded 2 times (x 69B)
Class ijInit2_aiosf821yp36qg8xtvy51gfvr                                               : loaded 2 times (x 177B)
Class kotlin.collections.CollectionsKt___CollectionsKt$asSequence$$inlined$Sequence$1 : loaded 2 times (x 73B)
Class org.gradle.internal.service.UnknownServiceException                             : loaded 2 times (x 81B)
Class com.google.common.collect.Sets$4                                                : loaded 2 times (x 137B)
Class org.objectweb.asm.ModuleVisitor                                                 : loaded 2 times (x 79B)
Class com.google.common.cache.LocalCache$Strength$1                                   : loaded 2 times (x 79B)
Class org.jetbrains.kotlin.idea.gradleTooling.model.kapt.KaptGradleModel              : loaded 2 times (x 68B)
Class org.jetbrains.kotlin.idea.gradleTooling.KotlinDslScriptAdditionalTask           : loaded 2 times (x 68B)
Class org.jetbrains.plugins.gradle.model.ClasspathEntryModel                          : loaded 2 times (x 68B)
Class com.google.common.util.concurrent.SettableFuture                                : loaded 2 times (x 112B)
Class com.google.common.cache.LocalCache$Strength$2                                   : loaded 2 times (x 79B)
Class org.jetbrains.plugins.gradle.tooling.serialization.GradleExtensionsSerializationService: loaded 2 times (x 75B)
Class org.gradle.api.JavaVersion                                                      : loaded 2 times (x 77B)
Class org.gradle.tooling.model.Dependency                                             : loaded 2 times (x 68B)
Class com.android.builder.model.v2.ide.AbstractArtifact                               : loaded 2 times (x 68B)
Class com.google.common.cache.LocalCache$Strength$3                                   : loaded 2 times (x 79B)
Class com.google.common.collect.MapDifference                                         : loaded 2 times (x 68B)
Class com.intellij.openapi.externalSystem.model.project.dependencies.ResolutionState  : loaded 2 times (x 77B)
Class kotlin.text.StringsKt__RegexExtensionsJVMKt                                     : loaded 2 times (x 69B)
Class com.google.common.collect.AllEqualOrdering                                      : loaded 2 times (x 112B)
Class kotlin.collections.ArraysKt___ArraysJvmKt                                       : loaded 2 times (x 69B)
Class kotlin.collections.CollectionsKt__CollectionsKt                                 : loaded 2 times (x 69B)
Class org.objectweb.asm.FieldWriter                                                   : loaded 2 times (x 76B)
Class com.google.common.cache.CacheBuilder$NullListener                               : loaded 2 times (x 80B)
Class kotlin.text.Regex$Companion                                                     : loaded 2 times (x 69B)
Class org.gradle.internal.classpath.TransformedClassPath                              : loaded 2 times (x 94B)
Class org.gradle.internal.classloader.InstrumentingClassLoader                        : loaded 2 times (x 68B)
Class com.google.common.collect.ImmutableListMultimap                                 : loaded 2 times (x 174B)
Class com.google.common.cache.CacheLoader$FunctionToCacheLoader                       : loaded 2 times (x 73B)
Class kotlin.text.StringsKt__AppendableKt                                             : loaded 2 times (x 69B)
Class com.google.common.collect.ImmutableEnumMap                                      : loaded 2 times (x 124B)
Class com.google.common.collect.ImmutableRangeSet$AsSet                               : loaded 2 times (x 298B)
Class kotlin.jvm.internal.FunctionReference                                           : loaded 2 times (x 120B)
Class [Lkotlin.coroutines.intrinsics.CoroutineSingletons;                             : loaded 2 times (x 67B)
Class kotlin.jvm.internal.FunctionBase                                                : loaded 2 times (x 68B)
Class kotlin.enums.EnumEntriesList                                                    : loaded 2 times (x 221B)
Class com.google.common.collect.EmptyImmutableListMultimap                            : loaded 2 times (x 174B)
Class com.google.common.collect.BaseImmutableMultimap                                 : loaded 2 times (x 121B)
Class com.google.common.collect.ListMultimap                                          : loaded 2 times (x 68B)
Class com.google.common.base.MoreObjects                                              : loaded 2 times (x 69B)
Class kotlin.comparisons.ComparisonsKt___ComparisonsJvmKt                             : loaded 2 times (x 69B)
Class kotlin.collections.CollectionsKt__IteratorsJVMKt                                : loaded 2 times (x 69B)
Class com.android.builder.model.v2.ide.TestInfo$Execution                             : loaded 2 times (x 77B)
Class com.google.common.collect.Platform                                              : loaded 2 times (x 69B)
Class [Lorg.objectweb.asm.Type;                                                       : loaded 2 times (x 67B)
Class com.android.builder.model.v2.models.AndroidDsl                                  : loaded 2 times (x 68B)
Class org.jetbrains.kotlin.idea.gradleTooling.KotlinSourceSetContainer                : loaded 2 times (x 68B)
Class org.jetbrains.plugins.gradle.model.IntelliJSettings                             : loaded 2 times (x 68B)
Class kotlin.Result                                                                   : loaded 2 times (x 70B)
Class org.gradle.internal.service.ServiceLocator                                      : loaded 2 times (x 68B)
Class com.google.common.base.Ascii                                                    : loaded 2 times (x 69B)
Class com.google.common.collect.SingletonImmutableBiMap                               : loaded 2 times (x 141B)
Class com.google.common.cache.LocalCache$1                                            : loaded 2 times (x 87B)
Class org.gradle.api.internal.classpath.EffectiveClassPath                            : loaded 2 times (x 88B)
Class kotlin.sequences.SequencesKt___SequencesKt$flatMap$2                            : loaded 2 times (x 123B)
Class com.intellij.gradle.toolingExtension.util.GradleVersionUtil                     : loaded 2 times (x 69B)
Class com.android.ide.gradle.model.GradlePropertiesModel                              : loaded 2 times (x 68B)
Class kotlin.sequences.TransformingSequence$iterator$1                                : loaded 2 times (x 77B)
Class kotlin.Pair                                                                     : loaded 2 times (x 70B)
Class org.gradle.tooling.internal.adapter.ProtocolToModelAdapter$SupportedPropertyInvoker: loaded 2 times (x 74B)
Class org.gradle.tooling.model.UnsupportedMethodException                             : loaded 2 times (x 80B)
Class com.android.builder.model.v2.ide.BytecodeTransformation                         : loaded 2 times (x 77B)
Class com.google.common.collect.Sets$ImprovedAbstractSet                              : loaded 2 times (x 133B)
Class com.google.common.collect.Ordering                                              : loaded 2 times (x 112B)
Class com.google.common.collect.AbstractMultimap                                      : loaded 2 times (x 121B)
Class com.google.common.cache.LocalCache$2                                            : loaded 2 times (x 140B)
Class kotlin.collections.CollectionsKt__MutableCollectionsKt                          : loaded 2 times (x 69B)
Class com.android.builder.model.v2.ide.CodeShrinker                                   : loaded 2 times (x 77B)
Class org.jetbrains.plugins.gradle.tooling.serialization.internal.IdeaProjectSerializationService: loaded 2 times (x 75B)
Class org.jetbrains.plugins.gradle.tooling.serialization.AnnotationProcessingModelSerializationService$WriteContext: loaded 2 times (x 70B)
Class org.gradle.internal.impldep.gnu.trove.THash                                     : loaded 2 times (x 79B)
Class kotlin.io.TerminateException                                                    : loaded 2 times (x 80B)
Class kotlin.io.FilesKt__FilePathComponentsKt                                         : loaded 2 times (x 69B)
Class com.google.common.collect.ImmutableRangeSet$1                                   : loaded 2 times (x 208B)
Class kotlin.reflect.KCallable                                                        : loaded 2 times (x 68B)
Class com.google.common.util.concurrent.AbstractFuture$Trusted                        : loaded 2 times (x 68B)
Class [Lcom.android.ide.common.repository.AgpVersion$PreviewKind;                     : loaded 2 times (x 67B)
Class org.jetbrains.plugins.gradle.tooling.serialization.ProjectDependenciesSerializationService$WriteContext: loaded 2 times (x 70B)
Class org.jetbrains.plugins.gradle.tooling.serialization.ProjectDependenciesSerializationService: loaded 2 times (x 75B)
Class com.intellij.compose.ide.plugin.gradleTooling.rt.ComposeResourcesModel          : loaded 2 times (x 68B)
Class kotlin.text.CharsKt                                                             : loaded 2 times (x 69B)
Class com.google.common.collect.Range                                                 : loaded 2 times (x 85B)
Class org.gradle.tooling.model.kotlin.dsl.KotlinDslScriptModel                        : loaded 2 times (x 68B)
Class org.gradle.tooling.internal.adapter.CollectionMapper                            : loaded 2 times (x 71B)
Class [Lcom.android.builder.model.v2.ide.LibraryType;                                 : loaded 2 times (x 67B)
Class com.android.builder.model.v2.ide.LibraryType                                    : loaded 2 times (x 77B)
Class [Lcom.google.common.collect.ImmutableMapEntry;                                  : loaded 2 times (x 67B)
Class com.google.common.util.concurrent.UncheckedExecutionException                   : loaded 2 times (x 80B)
Class org.gradle.kotlin.dsl.VersionCatalogAccessorsKt                                 : loaded 2 times (x 69B)
Class org.gradle.internal.impldep.gnu.trove.Equality                                  : loaded 2 times (x 68B)
Class com.google.common.collect.ExplicitOrdering                                      : loaded 2 times (x 113B)
Class com.intellij.gradle.toolingExtension.impl.model.buildScriptClasspathModel.GradleBuildScriptClasspathSerializationService$WriteContext: loaded 2 times (x 70B)
Class org.gradle.tooling.internal.adapter.ProtocolToModelAdapter                      : loaded 2 times (x 78B)
Class org.gradle.internal.InternalTransformer                                         : loaded 2 times (x 68B)
Class com.android.builder.model.v2.ide.AndroidGradlePluginProjectFlags$BooleanFlag    : loaded 2 times (x 77B)
Class com.google.common.collect.AbstractMapBasedMultimap$KeySet$1                     : loaded 2 times (x 80B)
Class com.android.ide.common.gradle.Separator                                         : loaded 2 times (x 77B)
Class org.objectweb.asm.ClassWriter                                                   : loaded 2 times (x 104B)
Class com.google.common.cache.CacheLoader$UnsupportedLoadingOperationException        : loaded 2 times (x 80B)
Class com.google.common.base.CharMatcher$And                                          : loaded 2 times (x 110B)
Class org.gradle.internal.impldep.gnu.trove.TObjectCanonicalHashingStrategy           : loaded 2 times (x 78B)
Class kotlin.collections.MapsKt__MapsJVMKt                                            : loaded 2 times (x 69B)
Class kotlin.collections.EmptyList                                                    : loaded 2 times (x 172B)
Class org.gradle.internal.time.DefaultTimer                                           : loaded 2 times (x 78B)
Class org.gradle.internal.classloader.ClasspathUtil$1                                 : loaded 2 times (x 74B)
Class org.objectweb.asm.FieldVisitor                                                  : loaded 2 times (x 75B)
Class org.gradle.internal.classloader.ClassLoaderVisitor                              : loaded 2 times (x 74B)
Class kotlin.collections.AbstractList$Companion                                       : loaded 2 times (x 69B)
Class kotlin.sequences.SequencesKt___SequencesKt                                      : loaded 2 times (x 69B)
Class org.gradle.tooling.internal.adapter.ProtocolToModelAdapter$ViewKey              : loaded 2 times (x 70B)
Class org.gradle.api.internal.classpath.DefaultModuleRegistry$DefaultModule           : loaded 2 times (x 84B)
Class com.android.builder.model.v2.CustomSourceDirectory                              : loaded 2 times (x 68B)
Class com.google.common.primitives.Ints                                               : loaded 2 times (x 69B)
Class com.android.ide.common.repository.AgpVersion                                    : loaded 2 times (x 73B)
Class kotlin.text.MatcherMatchResult$groupValues$1                                    : loaded 2 times (x 196B)
Class com.google.common.collect.NullsFirstOrdering                                    : loaded 2 times (x 113B)
Class kotlin.ResultKt                                                                 : loaded 2 times (x 69B)
Class org.gradle.tooling.internal.adapter.ProtocolToModelAdapter$PropertyCachingMethodInvoker: loaded 2 times (x 74B)
Class com.android.builder.model.v2.models.ProjectSyncIssues                           : loaded 2 times (x 68B)
Class com.google.common.collect.ReverseNaturalOrdering                                : loaded 2 times (x 112B)
Class com.google.common.collect.Multiset                                              : loaded 2 times (x 68B)
Class com.google.common.collect.ArrayListMultimapGwtSerializationDependencies         : loaded 2 times (x 170B)
Class org.gradle.internal.classloader.DefaultClassLoaderFactory                       : loaded 2 times (x 80B)
Class com.google.common.math.MathPreconditions                                        : loaded 2 times (x 69B)
Class com.intellij.openapi.externalSystem.model.ExternalSystemException               : loaded 2 times (x 84B)
Class org.jetbrains.plugins.gradle.model.ExternalTask                                 : loaded 2 times (x 68B)
Class kotlin.Result$Failure                                                           : loaded 2 times (x 70B)
Class kotlin.collections.ArraysKt__ArraysKt                                           : loaded 2 times (x 69B)
Class org.gradle.internal.time.DefaultCountdownTimer                                  : loaded 2 times (x 86B)
Class com.intellij.util.containers.IntObjectHashMap$ArrayProducer                     : loaded 2 times (x 68B)
Class org.jetbrains.plugins.gradle.tooling.util.ObjectCollector                       : loaded 2 times (x 70B)
Class org.jetbrains.plugins.gradle.model.GradleTaskModel                              : loaded 2 times (x 68B)
Class kotlin.collections.SetsKt__SetsJVMKt                                            : loaded 2 times (x 69B)
Class org.gradle.tooling.internal.adapter.ProtocolToModelAdapter$AdaptingMethodInvoker: loaded 2 times (x 74B)
Class org.gradle.tooling.internal.gradle.DefaultBuildIdentifier                       : loaded 2 times (x 77B)
Class kotlin.Function                                                                 : loaded 2 times (x 68B)
Class org.gradle.api.internal.classpath.Module                                        : loaded 2 times (x 68B)
Class com.google.common.cache.Weigher                                                 : loaded 2 times (x 68B)
Class com.intellij.openapi.externalSystem.model.project.IExternalSystemSourceType     : loaded 2 times (x 68B)
Class sync_studio_tooling1_veamzkmtt3eo5kszhnbqu28l                                   : loaded 2 times (x 177B)
Class kotlin.io.FileAlreadyExistsException                                            : loaded 2 times (x 80B)
Class kotlin.internal.ProgressionUtilKt                                               : loaded 2 times (x 69B)
Class org.gradle.api.internal.classpath.UnknownModuleException                        : loaded 2 times (x 80B)
Class com.google.common.base.Stopwatch                                                : loaded 2 times (x 70B)
Class com.google.common.cache.LocalCache$Strength                                     : loaded 2 times (x 79B)
Class com.google.common.cache.Cache                                                   : loaded 2 times (x 68B)
Class org.jetbrains.plugins.gradle.tooling.serialization.ProjectDependenciesSerializationService$ReadContext: loaded 2 times (x 70B)
Class org.gradle.internal.impldep.gnu.trove.TObjectIdentityHashingStrategy            : loaded 2 times (x 76B)
Class com.intellij.openapi.externalSystem.model.project.dependencies.ProjectDependencies: loaded 2 times (x 68B)
Class com.google.common.util.concurrent.AbstractFuture$Cancellation                   : loaded 2 times (x 70B)
Class com.google.common.collect.ImmutableMap$Builder                                  : loaded 2 times (x 80B)
Class com.google.common.cache.RemovalListener                                         : loaded 2 times (x 68B)
Class org.jetbrains.plugins.gradle.tooling.serialization.RepositoriesModelSerializationService: loaded 2 times (x 80B)
Class com.android.ide.gradle.model.artifacts.AdditionalClassifierArtifactsModel       : loaded 2 times (x 68B)
Class org.gradle.tooling.internal.gradle.GradleProjectIdentity                        : loaded 2 times (x 68B)
Class org.gradle.api.internal.DefaultClassPathRegistry                                : loaded 2 times (x 74B)
Class com.google.common.collect.ImmutableMultimap$Keys                                : loaded 2 times (x 164B)
Class com.android.builder.model.v2.ide.JavaArtifact                                   : loaded 2 times (x 68B)
Class com.google.common.primitives.IntsMethodsForWeb                                  : loaded 2 times (x 69B)
Class com.google.common.collect.Multimap                                              : loaded 2 times (x 68B)
Class org.jetbrains.plugins.gradle.tooling.serialization.RepositoriesModelSerializationService$ReadContext: loaded 2 times (x 70B)
Class kotlin.ranges.ClosedRange                                                       : loaded 2 times (x 68B)
Class org.gradle.api.internal.ClassPathRegistry                                       : loaded 2 times (x 68B)
Class org.gradle.internal.classpath.DefaultClassPath$ImmutableUniqueList              : loaded 2 times (x 197B)
Class org.jetbrains.plugins.gradle.tooling.serialization.internal.adapter.InternalBuildIdentifier: loaded 2 times (x 73B)
Class com.intellij.gradle.toolingExtension.impl.model.projectModel.GradleExternalProjectSerializationService$WriteContext: loaded 2 times (x 71B)
Class kotlin.text.StringsKt__StringsJVMKt                                             : loaded 2 times (x 69B)
Class kotlin.collections.IntIterator                                                  : loaded 2 times (x 80B)
Class com.google.common.collect.NullnessCasts                                         : loaded 2 times (x 69B)
Class org.jetbrains.kotlin.idea.gradleTooling.AndroidAwareGradleModelProvider$Companion: loaded 2 times (x 69B)
Class com.android.builder.model.v2.dsl.SigningConfig                                  : loaded 2 times (x 68B)
Class com.android.builder.model.v2.models.AndroidProject                              : loaded 2 times (x 68B)
Class com.android.builder.model.v2.AndroidModel                                       : loaded 2 times (x 68B)
Class com.google.common.cache.CacheBuilder                                            : loaded 2 times (x 70B)
Class com.google.common.base.Suppliers                                                : loaded 2 times (x 69B)
Class Settings_gradle$1                                                               : loaded 2 times (x 72B)
Class kotlin.text.StringsKt__IndentKt                                                 : loaded 2 times (x 69B)
Class kotlin.collections.SetsKt                                                       : loaded 2 times (x 69B)
Class [Lcom.google.common.cache.CacheBuilder$OneWeigher;                              : loaded 2 times (x 67B)
Class org.gradle.internal.classpath.ClassPath                                         : loaded 2 times (x 68B)
Class com.google.common.base.JdkPattern                                               : loaded 2 times (x 73B)
Class org.objectweb.asm.MethodTooLargeException                                       : loaded 2 times (x 81B)
Class org.jetbrains.plugins.gradle.tooling.serialization.KotlinDslScriptsModelSerializationService: loaded 2 times (x 79B)
Class kotlin.reflect.KFunction                                                        : loaded 2 times (x 68B)
Class kotlin.collections.ArrayDeque                                                   : loaded 2 times (x 205B)
Class org.objectweb.asm.SymbolTable$Entry                                             : loaded 2 times (x 72B)
Class org.jetbrains.plugins.gradle.tooling.serialization.ExternalTestsSerializationService$WriteContext: loaded 2 times (x 70B)
Class org.jetbrains.kotlin.idea.gradleTooling.KotlinGradleModel                       : loaded 2 times (x 68B)
Class kotlin.collections.MapsKt__MapsKt                                               : loaded 2 times (x 69B)
Class com.android.builder.model.v2.ide.Variant                                        : loaded 2 times (x 68B)
Class org.objectweb.asm.Edge                                                          : loaded 2 times (x 70B)
Class com.google.common.base.Suppliers$SupplierOfInstance                             : loaded 2 times (x 77B)
Class com.google.common.base.Platform$JdkPatternCompiler                              : loaded 2 times (x 73B)
Class org.gradle.tooling.model.Model                                                  : loaded 2 times (x 68B)
Class com.google.common.cache.LocalCache$ComputingValueReference                      : loaded 2 times (x 94B)
Class org.gradle.internal.operations.MultipleBuildOperationFailures                   : loaded 2 times (x 93B)
Class org.gradle.tooling.internal.adapter.MethodInvocation                            : loaded 2 times (x 83B)
Class com.android.ide.gradle.model.composites.BuildMap                                : loaded 2 times (x 68B)
Class kotlin.text.MatchResult$Destructured                                            : loaded 2 times (x 70B)
Class kotlin.Metadata                                                                 : loaded 2 times (x 68B)
Class kotlin.UninitializedPropertyAccessException                                     : loaded 2 times (x 80B)
Class com.android.builder.model.v2.ide.Library                                        : loaded 2 times (x 68B)
Class com.android.builder.model.v2.ide.ArtifactDependenciesAdjacencyList              : loaded 2 times (x 68B)
Class com.android.builder.model.v2.models.Versions                                    : loaded 2 times (x 68B)
Class com.google.common.cache.LocalCache$Segment                                      : loaded 2 times (x 152B)
Class org.jetbrains.plugins.gradle.model.IntelliJProjectSettings                      : loaded 2 times (x 68B)
Class org.gradle.tooling.internal.adapter.ProtocolToModelAdapter$MethodInvocationCache: loaded 2 times (x 71B)
Class com.android.builder.model.v2.models.ndk.NativeModule                            : loaded 2 times (x 68B)
Class com.google.common.collect.AbstractListMultimap                                  : loaded 2 times (x 170B)
Class [Lorg.objectweb.asm.SymbolTable$Entry;                                          : loaded 2 times (x 67B)
Class com.google.common.cache.CacheLoader                                             : loaded 2 times (x 72B)
Class kotlin.sequences.TransformingSequence                                           : loaded 2 times (x 73B)
Class org.objectweb.asm.ClassVisitor                                                  : loaded 2 times (x 86B)
Class org.jetbrains.plugins.gradle.model.ExternalDependency                           : loaded 2 times (x 68B)
Class com.intellij.util.containers.IntObjectHashMap                                   : loaded 2 times (x 70B)
Class com.google.common.collect.SortedIterable                                        : loaded 2 times (x 68B)
Class org.gradle.internal.installation.GradleInstallation$1                           : loaded 2 times (x 73B)
Class org.gradle.api.internal.classpath.ModuleRegistry                                : loaded 2 times (x 68B)
Class com.android.builder.model.v2.ide.PrivacySandboxSdkInfo                          : loaded 2 times (x 68B)
Class com.google.common.util.concurrent.internal.InternalFutureFailureAccess          : loaded 2 times (x 70B)
Class com.android.ide.common.repository.AgpVersion$PreviewKind$Companion              : loaded 2 times (x 69B)
Class [Lorg.objectweb.asm.Symbol;                                                     : loaded 2 times (x 67B)
Class com.google.common.collect.ImmutableSet$JdkBackedSetBuilderImpl                  : loaded 2 times (x 74B)
Class com.intellij.gradle.toolingExtension.impl.model.sourceSetDependencyModel.GradleSourceSetDependencySerialisationService$SourceSetDependencyModelReadContext: loaded 2 times (x 70B)
Class com.intellij.gradle.toolingExtension.impl.model.dependencyModel.DependencyReadContext: loaded 2 times (x 70B)
Class org.jetbrains.plugins.gradle.model.VersionCatalogsModel                         : loaded 2 times (x 68B)
Class org.gradle.tooling.internal.adapter.ObjectGraphAdapter                          : loaded 2 times (x 68B)
Class com.google.common.collect.ImmutableMultimap$Values                              : loaded 2 times (x 124B)
Class com.android.builder.model.v2.ide.Installation                                   : loaded 2 times (x 68B)
Class com.google.common.cache.LocalCache$LocalManualCache$1                           : loaded 2 times (x 73B)
Class com.google.common.base.CharMatcher$ForPredicate                                 : loaded 2 times (x 110B)
Class org.jetbrains.plugins.gradle.model.ProjectImportModelProvider                   : loaded 2 times (x 68B)
Class org.jetbrains.plugins.gradle.model.ExternalSourceSet                            : loaded 2 times (x 68B)
Class com.intellij.gradle.toolingExtension.impl.model.warmUp.GradleTaskWarmUpRequest  : loaded 2 times (x 68B)
Class com.google.common.collect.ImmutableSortedAsList                                 : loaded 2 times (x 219B)
Class kotlin.text.RegexKt                                                             : loaded 2 times (x 69B)
Class kotlin.coroutines.intrinsics.IntrinsicsKt__IntrinsicsKt                         : loaded 2 times (x 69B)
Class com.android.builder.model.v2.models.ModelBuilderParameter                       : loaded 2 times (x 68B)
Class com.google.common.base.CharMatcher$AnyOf                                        : loaded 2 times (x 110B)
Class com.android.utils.FileUtils                                                     : loaded 2 times (x 69B)
Class com.intellij.gradle.toolingExtension.impl.model.sourceSetArtifactIndex.GradleSourceSetArtifactBuildRequest: loaded 2 times (x 68B)
Class kotlin.io.FilesKt__UtilsKt                                                      : loaded 2 times (x 69B)
Class com.google.common.collect.Lists$TransformingRandomAccessList                    : loaded 2 times (x 197B)
Class kotlin.collections.CollectionsKt__CollectionsJVMKt                              : loaded 2 times (x 69B)
Class org.gradle.api.internal.classpath.DefaultModuleRegistry                         : loaded 2 times (x 84B)
Class com.android.builder.model.v2.ide.AaptOptions$Namespacing                        : loaded 2 times (x 77B)
Class com.google.common.util.concurrent.ListenableFuture                              : loaded 2 times (x 68B)
Class com.google.common.cache.ReferenceEntry                                          : loaded 2 times (x 68B)
Class com.google.common.base.Converter                                                : loaded 2 times (x 88B)
Class org.gradle.tooling.internal.adapter.TargetTypeProvider                          : loaded 2 times (x 68B)
Class org.jetbrains.plugins.gradle.tooling.serialization.internal.IdeaProjectSerializationService$WriteContext$1: loaded 2 times (x 81B)
Class org.jetbrains.plugins.gradle.model.ExternalProject                              : loaded 2 times (x 68B)
Class kotlin.sequences.SequencesKt                                                    : loaded 2 times (x 69B)
Class kotlin.collections.CollectionsKt__IteratorsKt                                   : loaded 2 times (x 69B)
Class [Lcom.android.builder.model.v2.ide.CodeShrinker;                                : loaded 2 times (x 67B)
Class com.google.common.collect.AbstractMapBasedMultimap                              : loaded 2 times (x 137B)
Class com.google.common.util.concurrent.AbstractFuture                                : loaded 2 times (x 104B)
Class com.google.common.base.FunctionalEquivalence                                    : loaded 2 times (x 81B)
Class kotlin.ranges.IntProgression$Companion                                          : loaded 2 times (x 69B)
Class org.jetbrains.plugins.gradle.model.AnnotationProcessingModel                    : loaded 2 times (x 68B)
Class org.jetbrains.plugins.gradle.tooling.serialization.internal.IdeaProjectSerializationService$WriteContext$2: loaded 2 times (x 81B)
Class kotlin.text.StringsKt                                                           : loaded 2 times (x 69B)
Class com.google.common.collect.ImmutableMultiset                                     : loaded 2 times (x 161B)
Class org.objectweb.asm.RecordComponentVisitor                                        : loaded 2 times (x 75B)
Class com.google.common.cache.CacheLoader$SupplierToCacheLoader                       : loaded 2 times (x 73B)
Class org.jetbrains.plugins.gradle.tooling.serialization.AnnotationProcessingModelSerializationService$ReadContext: loaded 2 times (x 70B)
Class org.jetbrains.plugins.gradle.tooling.serialization.internal.IdeaProjectSerializationService$WriteContext$3: loaded 2 times (x 81B)
Class kotlin.coroutines.jvm.internal.RestrictedContinuationImpl                       : loaded 2 times (x 85B)
Class org.gradle.util.internal.DefaultGradleVersion$Stage                             : loaded 2 times (x 73B)
Class org.jetbrains.kotlin.idea.gradleTooling.AndroidAwareGradleModelProvider         : loaded 2 times (x 77B)
Class org.jetbrains.plugins.gradle.tooling.serialization.internal.IdeaProjectSerializationService$WriteContext$4: loaded 2 times (x 81B)
Class com.intellij.gradle.toolingExtension.impl.model.sourceSetDependencyModel.GradleSourceSetDependencySerialisationService$Companion: loaded 2 times (x 69B)
Class [Lkotlin.Pair;                                                                  : loaded 2 times (x 67B)
Class kotlin.text.StringsKt__StringNumberConversionsKt                                : loaded 2 times (x 69B)
Class kotlin.io.FilesKt__FileReadWriteKt                                              : loaded 2 times (x 69B)
Class com.google.common.collect.UsingToStringOrdering                                 : loaded 2 times (x 112B)
Class kotlin.text.MatchNamedGroupCollection                                           : loaded 2 times (x 68B)
Class kotlin.jvm.internal.markers.KMutableList                                        : loaded 2 times (x 68B)
Class org.gradle.internal.time.MonotonicClock                                         : loaded 2 times (x 75B)
Class org.gradle.internal.service.ServiceLookupException                              : loaded 2 times (x 80B)
Class com.google.common.collect.Lists$ReverseList                                     : loaded 2 times (x 198B)
Class [Lcom.google.common.cache.LocalCache$EntryFactory;                              : loaded 2 times (x 67B)
Class org.jetbrains.plugins.gradle.model.GradleExtensions                             : loaded 2 times (x 68B)
Class com.intellij.gradle.toolingExtension.impl.model.sourceSetDependencyModel.GradleSourceSetDependencySerialisationService$SourceSetDependencyModelWriteContext: loaded 2 times (x 70B)
Class kotlin.sequences.SequencesKt___SequencesKt$sortedWith$1                         : loaded 2 times (x 73B)
Class com.google.common.collect.ImmutableSortedSet                                    : loaded 2 times (x 298B)
Class org.gradle.internal.classloader.ClassLoaderFactory                              : loaded 2 times (x 68B)
Class com.android.builder.model.v2.ide.LibraryInfo                                    : loaded 2 times (x 68B)
Class com.google.common.base.CommonPattern                                            : loaded 2 times (x 72B)
Class com.google.common.cache.LocalCache$LocalManualCache                             : loaded 2 times (x 97B)
Class com.google.common.base.CharMatcher$IsNot                                        : loaded 2 times (x 109B)
Class org.jetbrains.plugins.gradle.tooling.serialization.internal.IdeaProjectSerializationService$WriteContext$6: loaded 2 times (x 81B)
Class org.jetbrains.plugins.gradle.tooling.util.IntObjectMap                          : loaded 2 times (x 71B)
Class org.gradle.internal.service.CachingServiceLocator                               : loaded 2 times (x 80B)
Class com.google.common.collect.AbstractMapBasedMultimap$KeySet                       : loaded 2 times (x 135B)
Class com.google.common.math.IntMath                                                  : loaded 2 times (x 69B)
Class org.jetbrains.plugins.gradle.tooling.serialization.internal.IdeaProjectSerializationService$WriteContext$7: loaded 2 times (x 81B)
Class org.jetbrains.plugins.gradle.model.RepositoryModels                             : loaded 2 times (x 68B)
Class com.google.common.collect.RegularImmutableSortedSet                             : loaded 2 times (x 298B)
Class kotlin.collections.AbstractList$SubList                                         : loaded 2 times (x 196B)
Class kotlin.jvm.internal.CallableReference                                           : loaded 2 times (x 104B)
Class org.objectweb.asm.commons.InstructionAdapter                                    : loaded 2 times (x 186B)
Class com.android.builder.model.v2.ide.AndroidArtifact                                : loaded 2 times (x 68B)
Class org.jetbrains.plugins.gradle.tooling.serialization.internal.IdeaProjectSerializationService$WriteContext$8: loaded 2 times (x 81B)
Class kotlin.ranges.IntRange                                                          : loaded 2 times (x 91B)
Class org.gradle.tooling.model.idea.IdeaDependencyScope                               : loaded 2 times (x 68B)
Class org.gradle.internal.time.TimeSource                                             : loaded 2 times (x 68B)
Class org.gradle.tooling.model.kotlin.dsl.KotlinDslScriptsModel                       : loaded 2 times (x 68B)
Class com.google.common.collect.ImmutableMultimap                                     : loaded 2 times (x 145B)
Class com.android.builder.model.v2.ide.TestInfo                                       : loaded 2 times (x 68B)
Class com.google.common.base.Equivalence                                              : loaded 2 times (x 80B)
Class org.gradle.api.internal.classpath.ManifestUtil                                  : loaded 2 times (x 69B)
Class org.gradle.tooling.internal.adapter.ProtocolToModelAdapter$InvocationHandlerImpl: loaded 2 times (x 75B)
Class org.jetbrains.plugins.gradle.tooling.serialization.SerializationService         : loaded 2 times (x 68B)
Class org.gradle.tooling.internal.gradle.GradleBuildIdentity                          : loaded 2 times (x 68B)
Class kotlin.enums.EnumEntries                                                        : loaded 2 times (x 68B)
Class com.android.builder.model.v2.ide.JavaCompileOptions                             : loaded 2 times (x 68B)
Class com.google.common.cache.CacheBuilder$OneWeigher                                 : loaded 2 times (x 80B)
Class org.gradle.tooling.model.build.GradleEnvironment                                : loaded 2 times (x 68B)
Class org.jetbrains.plugins.gradle.tooling.serialization.internal.adapter.Supplier    : loaded 2 times (x 68B)
Class org.gradle.tooling.internal.adapter.ProtocolToModelAdapter$MixInMappingAction   : loaded 2 times (x 78B)
Class org.gradle.internal.exceptions.ResolutionProvider                               : loaded 2 times (x 68B)
Class kotlin.text.MatchResult$DefaultImpls                                            : loaded 2 times (x 69B)
Class org.gradle.tooling.model.idea.IdeaCompilerOutput                                : loaded 2 times (x 68B)
Class org.gradle.tooling.model.ProjectIdentifier                                      : loaded 2 times (x 68B)
Class org.gradle.internal.classloader.ClasspathUtil                                   : loaded 2 times (x 69B)
Class com.android.builder.model.v2.ide.ComponentInfo                                  : loaded 2 times (x 68B)
Class com.google.common.util.concurrent.Uninterruptibles                              : loaded 2 times (x 69B)
Class com.android.builder.model.v2.ide.ProjectType                                    : loaded 2 times (x 77B)
Class com.intellij.gradle.toolingExtension.impl.model.sourceSetModel.GradleSourceSetSerialisationService: loaded 2 times (x 75B)
Class kotlin.io.FileSystemException                                                   : loaded 2 times (x 80B)
Class com.android.builder.model.v2.dsl.BaseConfig                                     : loaded 2 times (x 68B)
Class com.google.common.util.concurrent.LazyLogger                                    : loaded 2 times (x 70B)
Class com.google.common.collect.Maps                                                  : loaded 2 times (x 69B)
Class org.gradle.internal.time.TimeSource$1                                           : loaded 2 times (x 75B)
Class kotlin.jvm.internal.DefaultConstructorMarker                                    : loaded 2 times (x 69B)
Class org.gradle.api.specs.Spec                                                       : loaded 2 times (x 68B)
Class [Lcom.google.common.collect.ImmutableEntry;                                     : loaded 2 times (x 67B)
Class com.google.common.cache.LocalCache$LoadingValueReference                        : loaded 2 times (x 94B)
Class com.intellij.gradle.toolingExtension.impl.model.buildScriptClasspathModel.GradleBuildScriptClasspathSerializationService: loaded 2 times (x 75B)
Class org.jetbrains.plugins.gradle.tooling.util.IntObjectMap$ObjectFactory            : loaded 2 times (x 68B)
Class com.google.common.base.Platform                                                 : loaded 2 times (x 69B)
Class org.jetbrains.plugins.gradle.model.FileCollectionDependency                     : loaded 2 times (x 68B)
Class org.gradle.internal.impldep.gnu.trove.TObjectHashingStrategy                    : loaded 2 times (x 68B)
Class com.intellij.gradle.toolingExtension.impl.model.utilDummyModel.DummyModel       : loaded 2 times (x 68B)
Class kotlin.collections.EmptyIterator                                                : loaded 2 times (x 87B)
Class kotlin.text.StringsKt__RegexExtensionsKt                                        : loaded 2 times (x 69B)
Class org.gradle.internal.time.Clock                                                  : loaded 2 times (x 68B)
Class com.android.builder.model.v2.dsl.ProductFlavor                                  : loaded 2 times (x 68B)
Class [Lcom.android.builder.model.v2.ide.TestInfo$Execution;                          : loaded 2 times (x 67B)
Class [Lorg.objectweb.asm.AnnotationWriter;                                           : loaded 2 times (x 67B)
Class com.google.common.collect.Maps$8                                                : loaded 2 times (x 80B)
Class org.jetbrains.plugins.gradle.model.GradleSourceSetDependencyModel               : loaded 2 times (x 68B)
Class com.google.common.collect.CompoundOrdering                                      : loaded 2 times (x 113B)
Class kotlin.sequences.SequencesKt__SequencesJVMKt                                    : loaded 2 times (x 69B)
Class kotlin.coroutines.jvm.internal.RestrictedSuspendLambda                          : loaded 2 times (x 89B)
Class org.gradle.tooling.internal.adapter.TypeInspector                               : loaded 2 times (x 71B)
Class org.gradle.tooling.internal.adapter.ProtocolToModelAdapter$NoOpDecoration       : loaded 2 times (x 77B)
Class org.gradle.tooling.model.Element                                                : loaded 2 times (x 68B)
Class kotlin.collections.AbstractList                                                 : loaded 2 times (x 195B)
Class kotlin.collections.AbstractCollection                                           : loaded 2 times (x 115B)
Class com.google.common.collect.Lists$ReverseList$1                                   : loaded 2 times (x 97B)
Class com.google.common.collect.Sets$SetView                                          : loaded 2 times (x 136B)
Class com.google.common.cache.LocalCache$StrongValueReference                         : loaded 2 times (x 88B)
Class com.intellij.gradle.toolingExtension.impl.model.taskModel.GradleTaskSerialisationService: loaded 2 times (x 74B)
Class com.android.ide.gradle.model.LegacyV1AgpVersionModel                            : loaded 2 times (x 68B)
Class kotlin.text.StringsKt__StringBuilderJVMKt                                       : loaded 2 times (x 69B)
Class com.google.common.collect.ImmutableRangeSet$Builder                             : loaded 2 times (x 75B)
Class kotlin.text.Regex                                                               : loaded 2 times (x 70B)
Class kotlin.sequences.SequencesKt__SequenceBuilderKt$sequence$$inlined$Sequence$1    : loaded 2 times (x 73B)
Class org.objectweb.asm.Type                                                          : loaded 2 times (x 70B)
Class org.jetbrains.plugins.gradle.tooling.util.IntObjectMap$1                        : loaded 2 times (x 75B)
Class org.gradle.internal.impldep.com.google.common.base.Preconditions                : loaded 2 times (x 69B)
Class org.gradle.internal.classloader.VisitableURLClassLoader$InstrumentingVisitableURLClassLoader: loaded 2 times (x 121B)
Class com.android.builder.model.v2.ide.AndroidGradlePluginProjectFlags                : loaded 2 times (x 68B)
Class [Lcom.android.builder.model.v2.ide.AndroidGradlePluginProjectFlags$BooleanFlag; : loaded 2 times (x 67B)
Class com.android.builder.model.v2.ide.BasicVariant                                   : loaded 2 times (x 68B)
Class org.objectweb.asm.ByteVector                                                    : loaded 2 times (x 77B)
Class [Lcom.google.common.cache.CacheBuilder$NullListener;                            : loaded 2 times (x 67B)
Class com.google.common.math.IntMath$1                                                : loaded 2 times (x 69B)
Class kotlin.comparisons.ComparisonsKt__ComparisonsKt                                 : loaded 2 times (x 69B)
Class kotlin.ranges.RangesKt__RangesKt                                                : loaded 2 times (x 69B)
Class kotlin.collections.SetsKt___SetsKt                                              : loaded 2 times (x 69B)
Class kotlin.sequences.SequencesKt__SequencesKt                                       : loaded 2 times (x 69B)
Class kotlin.coroutines.Continuation                                                  : loaded 2 times (x 68B)
Class org.gradle.internal.classloader.VisitableURLClassLoader$Spec                    : loaded 2 times (x 72B)
Class org.gradle.internal.classpath.DefaultClassPath                                  : loaded 2 times (x 88B)
Class com.android.builder.model.v2.ide.BundleInfo                                     : loaded 2 times (x 68B)
Class com.android.builder.model.v2.ide.SourceProvider                                 : loaded 2 times (x 68B)
Class org.objectweb.asm.Symbol                                                        : loaded 2 times (x 71B)
Class org.jetbrains.plugins.gradle.model.GradleBuildScriptClasspathModel              : loaded 2 times (x 68B)
Class kotlin.sequences.FilteringSequence                                              : loaded 2 times (x 73B)
Class kotlin.text.CharsKt__CharJVMKt                                                  : loaded 2 times (x 69B)
Class kotlin.comparisons.ComparisonsKt                                                : loaded 2 times (x 69B)
Class kotlin.comparisons.ComparisonsKt___ComparisonsKt                                : loaded 2 times (x 69B)
Class kotlin.coroutines.jvm.internal.BaseContinuationImpl                             : loaded 2 times (x 85B)
Class kotlin.Result$Companion                                                         : loaded 2 times (x 69B)
Class org.gradle.util.internal.DefaultGradleVersion                                   : loaded 2 times (x 78B)
Class com.google.common.base.CharMatcher$BitSetMatcher                                : loaded 2 times (x 110B)
Class com.google.common.util.concurrent.ExecutionError                                : loaded 2 times (x 80B)
Class com.google.common.collect.ImmutableEnumSet                                      : loaded 2 times (x 144B)
Class org.gradle.internal.classloader.ClassLoaderSpec                                 : loaded 2 times (x 69B)
Class org.objectweb.asm.AnnotationWriter                                              : loaded 2 times (x 77B)
Class com.google.common.cache.CacheStats                                              : loaded 2 times (x 69B)
Class kotlin.jvm.internal.FunctionReferenceImpl                                       : loaded 2 times (x 120B)
Class kotlin.collections.CollectionsKt___CollectionsJvmKt                             : loaded 2 times (x 69B)
Class com.google.common.collect.ImmutableMultisetGwtSerializationDependencies         : loaded 2 times (x 123B)
Class org.objectweb.asm.RecordComponentWriter                                         : loaded 2 times (x 76B)
Class com.google.common.util.concurrent.AbstractFuture$Listener                       : loaded 2 times (x 70B)
Class [Lcom.android.builder.model.v2.ide.ProjectType;                                 : loaded 2 times (x 67B)
Class com.google.common.base.CharMatcher$Or                                           : loaded 2 times (x 110B)
Class Settings_gradle$1$1                                                             : loaded 2 times (x 72B)
Class kotlin.TuplesKt                                                                 : loaded 2 times (x 69B)
Class kotlin.jvm.internal.markers.KMutableIterable                                    : loaded 2 times (x 68B)
Class kotlin.sequences.SequencesKt___SequencesJvmKt                                   : loaded 2 times (x 69B)
Class org.gradle.tooling.internal.adapter.ProtocolToModelAdapter$DefaultViewBuilder   : loaded 2 times (x 78B)
Class kotlin.Unit                                                                     : loaded 2 times (x 69B)
Class [Lcom.android.builder.model.v2.ide.AaptOptions$Namespacing;                     : loaded 2 times (x 67B)
Class com.android.ide.common.gradle.Version$Companion$ParseState                      : loaded 2 times (x 68B)
Class org.objectweb.asm.Attribute                                                     : loaded 2 times (x 75B)
Class com.google.common.base.Supplier                                                 : loaded 2 times (x 68B)
Class kotlin.ranges.RangesKt                                                          : loaded 2 times (x 69B)
Class org.gradle.tooling.internal.adapter.ProtocolToModelAdapter$ViewGraphDetails$1   : loaded 2 times (x 75B)
Class org.gradle.internal.classloader.VisitableURLClassLoader                         : loaded 2 times (x 115B)
Class com.android.ide.common.repository.AgpVersion$Companion                          : loaded 2 times (x 69B)
Class Settings_gradle                                                                 : loaded 2 times (x 126B)
Class org.jetbrains.plugins.gradle.tooling.serialization.ExternalTestsSerializationService$ReadContext: loaded 2 times (x 70B)
Class kotlin.sequences.FlatteningSequence$iterator$1                                  : loaded 2 times (x 77B)
Class kotlin.jvm.functions.Function0                                                  : loaded 2 times (x 68B)
Class kotlin.collections.ArraysUtilJVM                                                : loaded 2 times (x 69B)
Class com.android.builder.model.v2.models.VariantDependenciesAdjacencyList            : loaded 2 times (x 68B)
Class org.gradle.internal.classloader.ClassLoaderHierarchy                            : loaded 2 times (x 68B)
Class org.gradle.tooling.model.idea.IdeaDependency                                    : loaded 2 times (x 68B)
Class com.android.builder.model.v2.ide.AaptOptions                                    : loaded 2 times (x 68B)
Class [Lcom.android.builder.model.v2.ide.BytecodeTransformation;                      : loaded 2 times (x 67B)
Class com.google.common.base.Strings                                                  : loaded 2 times (x 69B)
Class com.android.ide.common.gradle.Version$Companion                                 : loaded 2 times (x 69B)
Class com.google.common.collect.Sets                                                  : loaded 2 times (x 69B)
Class org.objectweb.asm.Handler                                                       : loaded 2 times (x 70B)
Class com.google.common.base.Ticker                                                   : loaded 2 times (x 70B)
Class com.google.common.base.CharMatcher$FastMatcher                                  : loaded 2 times (x 109B)
Class kotlin.collections.AbstractMutableList                                          : loaded 2 times (x 204B)
Class kotlin.jvm.functions.Function1                                                  : loaded 2 times (x 68B)
Class com.android.builder.model.v2.models.ndk.NativeModelBuilderParameter             : loaded 2 times (x 68B)
Class [Lcom.google.common.cache.LocalCache$Segment;                                   : loaded 2 times (x 67B)
Class [Lcom.google.common.cache.LocalCache$Strength;                                  : loaded 2 times (x 67B)
Class com.google.common.cache.CacheBuilder$1                                          : loaded 2 times (x 83B)
Class kotlin.collections.CollectionsKt__ReversedViewsKt                               : loaded 2 times (x 69B)
Class kotlin.sequences.SequencesKt__SequenceBuilderKt                                 : loaded 2 times (x 69B)
Class org.jetbrains.plugins.gradle.tooling.serialization.internal.IdeaProjectSerializationService$WriteContext: loaded 2 times (x 70B)
Class com.intellij.gradle.toolingExtension.impl.model.sourceSetDependencyModel.GradleSourceSetDependencySerialisationService: loaded 2 times (x 75B)
Class org.jetbrains.plugins.gradle.model.GradleSourceSetModel                         : loaded 2 times (x 68B)
Class kotlin.KotlinNothingValueException                                              : loaded 2 times (x 80B)
Class kotlin.jvm.functions.Function2                                                  : loaded 2 times (x 68B)
Class org.gradle.internal.classpath.DefaultClassPath$ImmutableUniqueList$Builder      : loaded 2 times (x 73B)
Class com.google.common.cache.LocalCache                                              : loaded 2 times (x 185B)
Class com.google.common.cache.CacheBuilder$2                                          : loaded 2 times (x 77B)
Class com.google.common.base.CharMatcher$NegatedFastMatcher                           : loaded 2 times (x 111B)
Class com.android.ide.gradle.model.dependencies.Coordinates                           : loaded 2 times (x 68B)
Class com.google.common.collect.AbstractRangeSet                                      : loaded 2 times (x 112B)
Class kotlin.collections.MapsKt___MapsJvmKt                                           : loaded 2 times (x 69B)
Class org.gradle.tooling.internal.adapter.WeakIdentityHashMap$AbsentValueProvider     : loaded 2 times (x 68B)
Class com.google.common.collect.ArrayListMultimap                                     : loaded 2 times (x 170B)
Class com.google.common.cache.CacheBuilder$3                                          : loaded 2 times (x 70B)
Class [Lcom.google.common.collect.AbstractMapEntry;                                   : loaded 2 times (x 67B)
Class kotlin.jvm.internal.CollectionToArray                                           : loaded 2 times (x 69B)
Class org.jetbrains.plugins.gradle.tooling.util.ObjectCollector$Processor             : loaded 2 times (x 68B)
Class kotlin.jvm.functions.Function4                                                  : loaded 2 times (x 68B)
Class kotlin.collections.EmptySet                                                     : loaded 2 times (x 120B)
Class kotlin.annotation.Target                                                        : loaded 2 times (x 68B)
Class kotlin.collections.CollectionsKt___CollectionsKt                                : loaded 2 times (x 69B)
Class kotlin.io.FilesKt__FileTreeWalkKt                                               : loaded 2 times (x 69B)
Class org.gradle.internal.exceptions.NonGradleCauseExceptionsHolder                   : loaded 2 times (x 68B)
Class org.gradle.tooling.model.idea.IdeaModuleDependency                              : loaded 2 times (x 68B)
Class org.gradle.tooling.internal.adapter.ViewBuilder                                 : loaded 2 times (x 68B)
Class com.android.builder.model.v2.ide.AndroidLibraryData                             : loaded 2 times (x 68B)
Class com.android.builder.model.v2.ide.ApiVersion                                     : loaded 2 times (x 68B)
Class com.android.ide.common.gradle.Version                                           : loaded 2 times (x 73B)
Class com.google.common.collect.CollectPreconditions                                  : loaded 2 times (x 69B)
Class org.jetbrains.plugins.gradle.model.AnnotationProcessingConfig                   : loaded 2 times (x 68B)
Class kotlin.text.StringsKt___StringsJvmKt                                            : loaded 2 times (x 69B)
Class kotlin.reflect.KDeclarationContainer                                            : loaded 2 times (x 68B)
Class kotlin.annotation.Retention                                                     : loaded 2 times (x 68B)
Class com.android.builder.model.v2.models.Versions$Version                            : loaded 2 times (x 68B)
Class com.google.common.collect.SortedMapDifference                                   : loaded 2 times (x 68B)
Class org.jetbrains.plugins.gradle.tooling.ModelBuilderService$Parameter              : loaded 2 times (x 68B)
Class kotlin.io.FilesKt                                                               : loaded 2 times (x 69B)
Class kotlin.collections.MapsKt___MapsKt                                              : loaded 2 times (x 69B)
Class kotlin.collections.ArraysKt___ArraysKt                                          : loaded 2 times (x 69B)
Class com.google.common.cache.LocalCache$EntryFactory                                 : loaded 2 times (x 81B)
Class org.gradle.internal.impldep.gnu.trove.TObjectIntProcedure                       : loaded 2 times (x 68B)
Class kotlin.collections.MapsKt__MapWithDefaultKt                                     : loaded 2 times (x 69B)
Class org.gradle.tooling.internal.adapter.ProtocolToModelAdapter$ReflectionMethodInvoker: loaded 2 times (x 74B)
Class [Lcom.android.ide.common.gradle.Separator;                                      : loaded 2 times (x 67B)
Class com.google.common.cache.LocalCache$AbstractReferenceEntry                       : loaded 2 times (x 105B)
Class kotlin.text.StringsKt___StringsKt                                               : loaded 2 times (x 69B)
Class com.google.common.collect.NullsLastOrdering                                     : loaded 2 times (x 113B)
Class kotlin.collections.CollectionsKt__MutableCollectionsJVMKt                       : loaded 2 times (x 69B)
Class kotlin.sequences.FilteringSequence$iterator$1                                   : loaded 2 times (x 77B)
Class kotlin.enums.EnumEntriesKt                                                      : loaded 2 times (x 69B)
Class com.android.builder.model.v2.models.VariantDependencies                         : loaded 2 times (x 68B)
Class org.objectweb.asm.SymbolTable                                                   : loaded 2 times (x 70B)
Class com.google.common.cache.CacheLoader$InvalidCacheLoadException                   : loaded 2 times (x 80B)
Class com.intellij.gradle.toolingExtension.impl.model.sourceSetModel.GradleSourceSetSerialisationService$Companion: loaded 2 times (x 69B)
Class org.jetbrains.plugins.gradle.model.GradleProperty                               : loaded 2 times (x 68B)
Class com.google.common.collect.ImmutableRangeSet$ComplementRanges                    : loaded 2 times (x 205B)
Class org.gradle.internal.classloader.SystemClassLoaderSpec                           : loaded 2 times (x 69B)
Class com.android.builder.model.v2.ide.TestedTargetVariant                            : loaded 2 times (x 68B)
Class com.google.common.cache.LocalCache$StrongEntry                                  : loaded 2 times (x 106B)
Class com.google.common.util.concurrent.AbstractFuture$TrustedFuture                  : loaded 2 times (x 112B)
Class com.google.common.cache.LoadingCache                                            : loaded 2 times (x 68B)
Class kotlin.ranges.IntRange$Companion                                                : loaded 2 times (x 69B)
Class kotlin.text.MatcherMatchResult$groups$1                                         : loaded 2 times (x 149B)
Class kotlin.collections.EmptyMap                                                     : loaded 2 times (x 107B)
Class kotlin.reflect.KAnnotatedElement                                                : loaded 2 times (x 68B)
Class kotlin.jvm.internal.markers.KMutableCollection                                  : loaded 2 times (x 68B)
Class kotlin.coroutines.intrinsics.IntrinsicsKt                                       : loaded 2 times (x 69B)
Class org.gradle.internal.exceptions.MultiCauseException                              : loaded 2 times (x 68B)
Class org.gradle.internal.time.CountdownTimer                                         : loaded 2 times (x 68B)
Class kotlin.jvm.internal.Intrinsics                                                  : loaded 2 times (x 69B)
Class org.objectweb.asm.MethodWriter                                                  : loaded 2 times (x 104B)
Class [Lcom.google.common.cache.Weigher;                                              : loaded 2 times (x 67B)
Class com.google.common.base.CharMatcher$IsEither                                     : loaded 2 times (x 109B)
Class com.intellij.gradle.toolingExtension.impl.model.projectModel.GradleExternalProjectSerializationService$ReadContext: loaded 2 times (x 71B)
Class com.intellij.gradle.toolingExtension.impl.model.dependencyModel.DependencyWriteContext: loaded 2 times (x 70B)
Class kotlin.collections.MapsKt                                                       : loaded 2 times (x 69B)
Class kotlin.coroutines.intrinsics.CoroutineSingletons                                : loaded 2 times (x 77B)
Class kotlin.collections.CollectionsKt__IterablesKt                                   : loaded 2 times (x 69B)
Class org.gradle.tooling.model.ProjectModel                                           : loaded 2 times (x 68B)
Class com.google.common.collect.ImmutableMultimap$1                                   : loaded 2 times (x 80B)
Class com.android.ide.common.gradle.Version$Companion$ParseState$EMPTY                : loaded 2 times (x 72B)
Class kotlin.ranges.OpenEndRange                                                      : loaded 2 times (x 68B)
Class kotlin.sequences.SequenceBuilderIterator                                        : loaded 2 times (x 83B)
Class kotlin.KotlinNullPointerException                                               : loaded 2 times (x 81B)
Class com.google.common.collect.ImmutableMultimap$2                                   : loaded 2 times (x 79B)
Class com.android.ide.common.repository.AgpVersion$Companion$WhenMappings             : loaded 2 times (x 69B)
Class com.google.common.collect.RegularImmutableBiMap                                 : loaded 2 times (x 147B)
Class com.google.common.cache.LocalCache$ValueReference                               : loaded 2 times (x 68B)
Class com.google.common.base.CharMatcher$Is                                           : loaded 2 times (x 109B)
Class com.google.common.base.CharMatcher$Negated                                      : loaded 2 times (x 111B)
Class org.jetbrains.plugins.gradle.model.tests.ExternalTestsModel                     : loaded 2 times (x 68B)
Class kotlin.ranges.RangesKt___RangesKt                                               : loaded 2 times (x 69B)
Class org.gradle.tooling.model.idea.IdeaLanguageLevel                                 : loaded 2 times (x 68B)
Class org.gradle.tooling.internal.adapter.ProtocolToModelAdapter$SafeMethodInvoker    : loaded 2 times (x 74B)
Class org.gradle.tooling.internal.adapter.WeakIdentityHashMap$WeakKey                 : loaded 2 times (x 77B)
Class org.gradle.internal.exceptions.DefaultMultiCauseException                       : loaded 2 times (x 93B)
Class com.android.builder.model.v2.ide.ProjectInfo                                    : loaded 2 times (x 68B)
Class com.google.common.base.PatternCompiler                                          : loaded 2 times (x 68B)
Class com.google.common.util.concurrent.AbstractFuture$Failure                        : loaded 2 times (x 70B)
Class com.google.common.base.Equivalence$Equals                                       : loaded 2 times (x 80B)
Class com.google.common.collect.Hashing                                               : loaded 2 times (x 69B)
Class org.gradle.internal.classloader.FilteringClassLoader                            : loaded 2 times (x 103B)
Class com.intellij.gradle.toolingExtension.impl.model.projectModel.GradleExternalProjectSerializationService: loaded 2 times (x 75B)
Class kotlin.text.CharsKt__CharKt                                                     : loaded 2 times (x 69B)
Class kotlin.collections.ArrayDeque$Companion                                         : loaded 2 times (x 69B)
Class kotlin.collections.ArraysKt                                                     : loaded 2 times (x 69B)
Class org.gradle.tooling.model.HierarchicalElement                                    : loaded 2 times (x 68B)
Class com.android.builder.model.v2.dsl.DependenciesInfo                               : loaded 2 times (x 68B)
Class kotlin.NotImplementedError                                                      : loaded 2 times (x 80B)
Class org.objectweb.asm.Label                                                         : loaded 2 times (x 71B)
Class org.objectweb.asm.CurrentFrame                                                  : loaded 2 times (x 71B)
Class org.objectweb.asm.ClassTooLargeException                                        : loaded 2 times (x 81B)
Class com.google.common.base.CharMatcher                                              : loaded 2 times (x 109B)
Class kotlin.sequences.FlatteningSequence                                             : loaded 2 times (x 73B)
Class org.jetbrains.plugins.gradle.tooling.serialization.ExternalTestsSerializationService: loaded 2 times (x 75B)
Class com.google.common.collect.ByFunctionOrdering                                    : loaded 2 times (x 113B)
Class kotlin.collections.SetsKt__SetsKt                                               : loaded 2 times (x 69B)
Class kotlin.coroutines.EmptyCoroutineContext                                         : loaded 2 times (x 75B)
Class org.gradle.internal.time.Time                                                   : loaded 2 times (x 69B)
Class com.android.builder.model.v2.models.ProjectGraph                                : loaded 2 times (x 68B)
Class com.android.ide.common.gradle.Version$Companion$ParseState$NUMERIC              : loaded 2 times (x 72B)
Class kotlin.text.MatcherMatchResult                                                  : loaded 2 times (x 78B)
Class org.objectweb.asm.Frame                                                         : loaded 2 times (x 71B)
Class org.objectweb.asm.MethodVisitor                                                 : loaded 2 times (x 103B)
Class com.google.common.cache.LocalCache$EntryFactory$1                               : loaded 2 times (x 81B)
Class [Lcom.google.common.cache.RemovalListener;                                      : loaded 2 times (x 67B)
Class com.google.common.base.CharMatcher$NamedFastMatcher                             : loaded 2 times (x 110B)
Class com.google.common.base.CharMatcher$1                                            : loaded 2 times (x 111B)
Class com.android.ide.common.repository.AgpVersion$PreviewKind                        : loaded 2 times (x 77B)
Class org.jetbrains.plugins.gradle.tooling.serialization.AnnotationProcessingModelSerializationService: loaded 2 times (x 75B)
Class com.google.common.collect.RangeGwtSerializationDependencies                     : loaded 2 times (x 69B)
Class kotlin.collections.ArraysKt__ArraysJVMKt                                        : loaded 2 times (x 69B)
Class com.google.common.cache.LocalCache$EntryFactory$2                               : loaded 2 times (x 81B)
Class [Lcom.intellij.openapi.externalSystem.model.project.dependencies.ResolutionState;: loaded 2 times (x 67B)
Class org.gradle.internal.impldep.gnu.trove.TObjectHash                               : loaded 2 times (x 92B)
Class org.jetbrains.plugins.gradle.model.DependencyAccessorsModel                     : loaded 2 times (x 68B)
Class kotlin.text.StringsKt__StringBuilderKt                                          : loaded 2 times (x 69B)
Class com.google.common.collect.RangeSet                                              : loaded 2 times (x 68B)
Class kotlin.jvm.internal.CallableReference$NoReceiver                                : loaded 2 times (x 69B)
Class org.gradle.api.internal.classpath.GlobalCacheRootsProvider                      : loaded 2 times (x 68B)
Class org.objectweb.asm.ModuleWriter                                                  : loaded 2 times (x 80B)
Class com.google.common.cache.LocalCache$EntryFactory$3                               : loaded 2 times (x 81B)
Class com.google.common.base.Ticker$1                                                 : loaded 2 times (x 70B)
Class com.google.common.collect.Maps$BiMapConverter                                   : loaded 2 times (x 88B)
Class kotlin.text.MatchGroupCollection                                                : loaded 2 times (x 68B)
Class org.jetbrains.kotlin.idea.gradleTooling.KotlinMPPGradleModel                    : loaded 2 times (x 68B)
Class com.intellij.gradle.toolingExtension.impl.model.dependencyDownloadPolicyModel.GradleDependencyDownloadPolicy: loaded 2 times (x 68B)
Class kotlin.NoWhenBranchMatchedException                                             : loaded 2 times (x 80B)
Class org.gradle.tooling.model.BuildIdentifier                                        : loaded 2 times (x 68B)
Class com.android.builder.model.v2.ide.VectorDrawablesOptions                         : loaded 2 times (x 68B)
Class com.google.common.cache.LocalCache$EntryFactory$4                               : loaded 2 times (x 81B)
Class com.google.common.base.CharMatcher$InRange                                      : loaded 2 times (x 109B)
Class com.google.common.collect.ImmutableSet$Builder                                  : loaded 2 times (x 83B)
Class org.jetbrains.kotlin.idea.gradleTooling.PrepareKotlinIdeImportTaskModel         : loaded 2 times (x 68B)
Class com.android.builder.model.v2.ide.Edge                                           : loaded 2 times (x 68B)
Class com.android.builder.model.v2.models.VariantDependenciesFlatList                 : loaded 2 times (x 68B)
Class com.google.common.cache.LocalCache$EntryFactory$5                               : loaded 2 times (x 81B)
Class com.android.ide.gradle.model.GradlePluginModel                                  : loaded 2 times (x 68B)
Class com.google.common.collect.ReverseOrdering                                       : loaded 2 times (x 113B)
Class org.gradle.tooling.model.build.JavaEnvironment                                  : loaded 2 times (x 68B)
Class kotlin.text.StringsKt__StringsKt                                                : loaded 2 times (x 69B)
Class com.android.builder.model.v2.ide.SourceSetContainer                             : loaded 2 times (x 68B)
Class com.google.common.cache.LocalCache$EntryFactory$6                               : loaded 2 times (x 81B)
Class org.gradle.internal.time.Timer                                                  : loaded 2 times (x 68B)
Class kotlin.jvm.internal.markers.KMappedMarker                                       : loaded 2 times (x 68B)
Class org.gradle.internal.installation.CurrentGradleInstallationLocator               : loaded 2 times (x 69B)
Class com.google.common.collect.ImmutableMultimap$Builder                             : loaded 2 times (x 84B)
Class com.android.builder.model.v2.ide.LintOptions                                    : loaded 2 times (x 68B)
Class com.google.common.collect.Maps$KeySet                                           : loaded 2 times (x 135B)
Class com.google.common.cache.LocalCache$EntryFactory$7                               : loaded 2 times (x 81B)
Class com.google.common.collect.ImmutableSet$EmptySetBuilderImpl                      : loaded 2 times (x 74B)
Class com.android.ide.gradle.model.dependencies.DeclaredDependencies                  : loaded 2 times (x 68B)
Class org.gradle.tooling.internal.adapter.ProtocolToModelAdapter$ViewGraphDetails     : loaded 2 times (x 70B)
Class org.gradle.tooling.model.idea.IdeaProject                                       : loaded 2 times (x 68B)
Class org.gradle.tooling.model.DomainObjectSet                                        : loaded 2 times (x 68B)
Class org.gradle.internal.service.DefaultServiceLocator                               : loaded 2 times (x 81B)
Class com.google.common.collect.ImmutableMultimap$EntryCollection                     : loaded 2 times (x 126B)
Class com.android.builder.model.v2.ide.BasicArtifact                                  : loaded 2 times (x 68B)
Class com.google.common.cache.LocalCache$EntryFactory$8                               : loaded 2 times (x 81B)
Class org.jetbrains.plugins.gradle.tooling.serialization.internal.IdeaProjectSerializationService$ReadContext: loaded 2 times (x 70B)
Class kotlin.coroutines.jvm.internal.SuspendFunction                                  : loaded 2 times (x 68B)
Class org.gradle.util.GradleVersion                                                   : loaded 2 times (x 77B)
Class org.gradle.internal.installation.CurrentGradleInstallation                      : loaded 2 times (x 71B)
Class com.google.common.cache.CacheLoader$1                                           : loaded 2 times (x 73B)
Class com.google.common.collect.ForwardingObject                                      : loaded 2 times (x 70B)
Class com.google.common.base.PairwiseEquivalence                                      : loaded 2 times (x 81B)
Class org.jetbrains.plugins.gradle.tooling.serialization.GradleExtensionsSerializationService$WriteContext: loaded 2 times (x 70B)
Class com.intellij.gradle.toolingExtension.impl.model.taskModel.GradleTaskSerialisationService$Companion: loaded 2 times (x 69B)
Class org.jetbrains.plugins.gradle.javaModel.JavaGradleManifestModel                  : loaded 2 times (x 68B)
Class kotlin.jvm.internal.StringCompanionObject                                       : loaded 2 times (x 69B)
Class kotlin.coroutines.intrinsics.IntrinsicsKt__IntrinsicsJvmKt                      : loaded 2 times (x 69B)
Class kotlin.coroutines.jvm.internal.CoroutineStackFrame                              : loaded 2 times (x 68B)
Class org.gradle.tooling.internal.adapter.ProtocolToModelAdapter$MethodInvocationCache$MethodInvocationKey: loaded 2 times (x 71B)
Class org.gradle.util.internal.GUtil                                                  : loaded 2 times (x 69B)
Class com.android.utils.StringHelper                                                  : loaded 2 times (x 69B)
Class com.google.common.cache.AbstractCache$StatsCounter                              : loaded 2 times (x 68B)
Class com.intellij.gradle.toolingExtension.impl.model.sourceSetModel.GradleSourceSetSerialisationService$SourceSetModelReadContext: loaded 2 times (x 70B)
Class com.intellij.gradle.toolingExtension.impl.model.utilTurnOffDefaultTasksModel.TurnOffDefaultTasks: loaded 2 times (x 68B)
Class kotlin.io.NoSuchFileException                                                   : loaded 2 times (x 80B)
Class kotlin.collections.CollectionsKt                                                : loaded 2 times (x 69B)
Class com.android.builder.model.v2.dsl.BuildType                                      : loaded 2 times (x 68B)
Class com.google.common.base.Equivalence$Identity                                     : loaded 2 times (x 80B)
Class org.jetbrains.plugins.gradle.tooling.serialization.internal.IdeaProjectSerializationService$WriteContext$5: loaded 2 times (x 81B)
Class com.intellij.gradle.toolingExtension.impl.model.sourceSetModel.GradleSourceSetSerialisationService$SourceSetModelWriteContext: loaded 2 times (x 70B)
Class kotlin.ranges.IntProgressionIterator                                            : loaded 2 times (x 80B)
Class kotlin.coroutines.CoroutineContext                                              : loaded 2 times (x 68B)
Class kotlin.coroutines.jvm.internal.DebugProbesKt                                    : loaded 2 times (x 69B)
Class org.gradle.tooling.internal.adapter.WeakIdentityHashMap                         : loaded 2 times (x 74B)
Class org.gradle.tooling.GradleConnectionException                                    : loaded 2 times (x 81B)
Class org.gradle.tooling.internal.adapter.ProtocolToModelAdapter$1                    : loaded 2 times (x 73B)
Class org.gradle.tooling.internal.adapter.ProtocolToModelAdapter$ViewDecoration       : loaded 2 times (x 68B)
Class org.gradle.internal.installation.GradleInstallation                             : loaded 2 times (x 73B)
Class com.android.builder.model.v2.ide.ViewBindingOptions                             : loaded 2 times (x 68B)
Class org.jetbrains.plugins.gradle.tooling.serialization.GradleExtensionsSerializationService$ReadContext: loaded 2 times (x 70B)
Class com.google.common.collect.LexicographicalOrdering                               : loaded 2 times (x 113B)
Class org.gradle.tooling.internal.adapter.MethodInvoker                               : loaded 2 times (x 68B)
Class com.android.ide.common.gradle.Part                                              : loaded 2 times (x 75B)
Class com.google.common.collect.Lists$RandomAccessReverseList                         : loaded 2 times (x 198B)
Class org.jetbrains.plugins.gradle.tooling.serialization.RepositoriesModelSerializationService$WriteContext: loaded 2 times (x 70B)
Class com.android.ide.gradle.model.LegacyAndroidGradlePluginProperties                : loaded 2 times (x 68B)
Class kotlin.ranges.IntProgression                                                    : loaded 2 times (x 79B)
Class kotlin.jvm.KotlinReflectionNotSupportedError                                    : loaded 2 times (x 80B)
Class org.gradle.tooling.model.gradle.GradleScript                                    : loaded 2 times (x 68B)

---------------  S Y S T E M  ---------------

OS:
 Windows 11 , 64 bit Build 26100 (10.0.26100.5074)
OS uptime: 0 days 1:23 hours

CPU: total 16 (initial active 16) (8 cores per cpu, 2 threads per core) family 6 model 154 stepping 3 microcode 0x41b, cx8, cmov, fxsr, ht, mmx, 3dnowpref, sse, sse2, sse3, ssse3, sse4.1, sse4.2, popcnt, lzcnt, tsc, tscinvbit, avx, avx2, aes, erms, clmul, bmi1, bmi2, adx, sha, fma, vzeroupper, clflush, clflushopt, clwb, serialize, rdtscp, rdpid, fsrm, f16c, pku, cet_ibt, cet_ss
Processor Information for processor 0
  Max Mhz: 3100, Current Mhz: 3100, Mhz Limit: 3100
Processor Information for processor 1
  Max Mhz: 3100, Current Mhz: 3100, Mhz Limit: 3100
Processor Information for processor 2
  Max Mhz: 3100, Current Mhz: 3100, Mhz Limit: 3100
Processor Information for processor 3
  Max Mhz: 3100, Current Mhz: 3100, Mhz Limit: 3100
Processor Information for processor 4
  Max Mhz: 3100, Current Mhz: 3100, Mhz Limit: 3100
Processor Information for processor 5
  Max Mhz: 3100, Current Mhz: 3100, Mhz Limit: 3100
Processor Information for processor 6
  Max Mhz: 3100, Current Mhz: 3100, Mhz Limit: 3100
Processor Information for processor 7
  Max Mhz: 3100, Current Mhz: 3100, Mhz Limit: 3100
Processor Information for processor 8
  Max Mhz: 3100, Current Mhz: 2232, Mhz Limit: 2232
Processor Information for processor 9
  Max Mhz: 3100, Current Mhz: 2232, Mhz Limit: 2232
Processor Information for processor 10
  Max Mhz: 3100, Current Mhz: 2232, Mhz Limit: 2232
Processor Information for processor 11
  Max Mhz: 3100, Current Mhz: 2232, Mhz Limit: 2232
Processor Information for processor 12
  Max Mhz: 3100, Current Mhz: 2232, Mhz Limit: 2232
Processor Information for processor 13
  Max Mhz: 3100, Current Mhz: 2232, Mhz Limit: 2232
Processor Information for processor 14
  Max Mhz: 3100, Current Mhz: 2232, Mhz Limit: 2232
Processor Information for processor 15
  Max Mhz: 3100, Current Mhz: 2232, Mhz Limit: 2232

Memory: 4k page, system-wide physical 16088M (7684M free)
TotalPageFile size 16088M (AvailPageFile size 4M)
current process WorkingSet (physical memory assigned to process): 607M, peak: 607M
current process commit charge ("private bytes"): 659M, peak: 675M

vm_info: OpenJDK 64-Bit Server VM (21.0.7+-13880790-b1038.58) for windows-amd64 JRE (21.0.7+-13880790-b1038.58), built on 2025-08-04T20:56:21Z by "builder" with MS VC++ 16.10 / 16.11 (VS2019)

END.
