#
# There is insufficient memory for the Java Runtime Environment to continue.
# Native memory allocation (malloc) failed to allocate 460256 bytes. Error detail: Chunk::new
# Possible reasons:
#   The system is out of physical RAM or swap space
#   This process is running with CompressedOops enabled, and the Java Heap may be blocking the growth of the native heap
# Possible solutions:
#   Reduce memory load on the system
#   Increase physical memory or swap space
#   Check if swap backing store is full
#   Decrease Java heap size (-Xmx/-Xms)
#   Decrease number of Java threads
#   Decrease Java thread stack sizes (-Xss)
#   Set larger code cache with -XX:ReservedCodeCacheSize=
#   JVM is running with Unscaled Compressed Oops mode in which the Java heap is
#     placed in the first 4GB address space. The Java Heap base address is the
#     maximum limit for the native heap growth. Please use -XX:HeapBaseMinAddress
#     to set the Java Heap base and to place the Java Heap above 4GB virtual address.
# This output file may be truncated or incomplete.
#
#  Out of Memory Error (arena.cpp:168), pid=9592, tid=8540
#
# JRE version: OpenJDK Runtime Environment (21.0.7) (build 21.0.7+-13880790-b1038.58)
# Java VM: OpenJDK 64-Bit Server VM (21.0.7+-13880790-b1038.58, mixed mode, tiered, compressed oops, compressed class ptrs, g1 gc, windows-amd64)
# No core dump will be written. Minidumps are not enabled by default on client versions of Windows
#

---------------  S U M M A R Y ------------

Command Line: --add-opens=java.base/java.lang=ALL-UNNAMED --add-opens=java.base/java.lang.invoke=ALL-UNNAMED --add-opens=java.base/java.util=ALL-UNNAMED --add-opens=java.prefs/java.util.prefs=ALL-UNNAMED --add-exports=jdk.compiler/com.sun.tools.javac.api=ALL-UNNAMED --add-exports=jdk.compiler/com.sun.tools.javac.util=ALL-UNNAMED --add-opens=java.base/java.util=ALL-UNNAMED --add-opens=java.prefs/java.util.prefs=ALL-UNNAMED --add-opens=java.base/java.nio.charset=ALL-UNNAMED --add-opens=java.base/java.net=ALL-UNNAMED --add-opens=java.base/java.util.concurrent.atomic=ALL-UNNAMED --add-opens=java.xml/javax.xml.namespace=ALL-UNNAMED -Xmx2048m -Dfile.encoding=UTF-8 -Duser.country=US -Duser.language=en -Duser.variant -javaagent:C:\Users\WIN11\.gradle\wrapper\dists\gradle-8.14.3-bin\cv11ve7ro1n3o1j4so8xd9n66\gradle-8.14.3\lib\agents\gradle-instrumentation-agent-8.14.3.jar org.gradle.launcher.daemon.bootstrap.GradleDaemon 8.14.3

Host: 12th Gen Intel(R) Core(TM) i5-12500H, 16 cores, 15G,  Windows 11 , 64 bit Build 26100 (10.0.26100.5074)
Time: Wed Oct  8 11:19:49 2025 SE Asia Standard Time elapsed time: 14.479151 seconds (0d 0h 0m 14s)

---------------  T H R E A D  ---------------

Current thread (0x000001dd7dfbb770):  JavaThread "C2 CompilerThread3" daemon [_thread_in_native, id=8540, stack(0x0000002716100000,0x0000002716200000) (1024K)]


Current CompileTask:
C2:14479 13608       4       com.google.gson.internal.bind.TypeAdapters$15::read (6 bytes)

Stack: [0x0000002716100000,0x0000002716200000]
Native frames: (J=compiled Java code, j=interpreted, Vv=VM code, C=native code)
V  [jvm.dll+0x6d25c9]
V  [jvm.dll+0x860923]
V  [jvm.dll+0x862e7e]
V  [jvm.dll+0x863563]
V  [jvm.dll+0x27f156]
V  [jvm.dll+0xc002d]
V  [jvm.dll+0xc0563]
V  [jvm.dll+0x3b6d3b]
V  [jvm.dll+0x382c27]
V  [jvm.dll+0x38209a]
V  [jvm.dll+0x247e72]
V  [jvm.dll+0x247441]
V  [jvm.dll+0x1c5fb4]
V  [jvm.dll+0x256bac]
V  [jvm.dll+0x2550f6]
V  [jvm.dll+0x3f1d16]
V  [jvm.dll+0x808d08]
V  [jvm.dll+0x6d0e1d]
C  [ucrtbase.dll+0x37b0]
C  [KERNEL32.DLL+0x2e8d7]
C  [ntdll.dll+0x8d9c]


---------------  P R O C E S S  ---------------

Threads class SMR info:
_java_thread_list=0x000001dd7a674520, length=102, elements={
0x000001dd5b09a5f0, 0x000001dd733613c0, 0x000001dd73366390, 0x000001dd7337d410,
0x000001dd7338f740, 0x000001dd733901a0, 0x000001dd73394dc0, 0x000001dd73395820,
0x000001dd733969d0, 0x000001dd73397880, 0x000001dd7380f630, 0x000001dd73816b90,
0x000001dd73b47a90, 0x000001dd79337a70, 0x000001dd7934d7e0, 0x000001dd792310e0,
0x000001dd786bbaf0, 0x000001dd7955fe40, 0x000001dd794b7040, 0x000001dd795a4600,
0x000001dd795a3f70, 0x000001dd795a5320, 0x000001dd795a4c90, 0x000001dd796c6490,
0x000001dd796c6b20, 0x000001dd796c50e0, 0x000001dd796c4a50, 0x000001dd796c5770,
0x000001dd796c71b0, 0x000001dd796c3d30, 0x000001dd796c7840, 0x000001dd796c5e00,
0x000001dd796cacc0, 0x000001dd796c8560, 0x000001dd796c9280, 0x000001dd7deecab0,
0x000001dd7deede60, 0x000001dd7deeb070, 0x000001dd7deed7d0, 0x000001dd7deee4f0,
0x000001dd7deebd90, 0x000001dd7deeb700, 0x000001dd7deeeb80, 0x000001dd7deef210,
0x000001dd7deef8a0, 0x000001dd7deeff30, 0x000001dd7def05c0, 0x000001dd7def1970,
0x000001dd7def2690, 0x000001dd7def12e0, 0x000001dd7def0c50, 0x000001dd00d55340,
0x000001dd00d559d0, 0x000001dd00d56d80, 0x000001dd00d594e0, 0x000001dd00d56060,
0x000001dd00d59b70, 0x000001dd00d5b5b0, 0x000001dd7deec420, 0x000001dd7def2000,
0x000001dd796c8bf0, 0x000001dd7c024240, 0x000001dd7c022170, 0x000001dd7c021450,
0x000001dd7c021ae0, 0x000001dd7c022e90, 0x000001dd7c023bb0, 0x000001dd7c020dc0,
0x000001dd7c025c80, 0x000001dd7c0269a0, 0x000001dd7c026310, 0x000001dd7c024f60,
0x000001dd7c023520, 0x000001dd7c027030, 0x000001dd7c0255f0, 0x000001dd7c0276c0,
0x000001dd7c027d50, 0x000001dd7c0248d0, 0x000001dd7c0283e0, 0x000001dd7bc7f060,
0x000001dd7bc80410, 0x000001dd7bc7fd80, 0x000001dd7bc80aa0, 0x000001dd7bc82b70,
0x000001dd7bc81130, 0x000001dd7bc84c40, 0x000001dd7bc852d0, 0x000001dd7bc83890,
0x000001dd7bc85960, 0x000001dd7bc83f20, 0x000001dd7bc85ff0, 0x000001dd7bc86680,
0x000001dd00d57410, 0x000001dd00477940, 0x000001dd00479380, 0x000001dd004772b0,
0x000001dd00477fd0, 0x000001dd00479a10, 0x000001dd0047a0a0, 0x000001dd7be265e0,
0x000001dd7be29a60, 0x000001dd7dfbb770
}
_to_delete_list=0x000001dd00061170, length=104, elements={
0x000001dd5b09a5f0, 0x000001dd733613c0, 0x000001dd73366390, 0x000001dd7337d410,
0x000001dd7338f740, 0x000001dd733901a0, 0x000001dd73394dc0, 0x000001dd73395820,
0x000001dd733969d0, 0x000001dd73397880, 0x000001dd73568940, 0x000001dd7380f630,
0x000001dd73816b90, 0x000001dd73b47a90, 0x000001dd782abcb0, 0x000001dd79337a70,
0x000001dd7934d7e0, 0x000001dd792310e0, 0x000001dd786bbaf0, 0x000001dd7955fe40,
0x000001dd794b7040, 0x000001dd795a4600, 0x000001dd795a3f70, 0x000001dd795a5320,
0x000001dd795a4c90, 0x000001dd796c6490, 0x000001dd796c6b20, 0x000001dd796c50e0,
0x000001dd796c4a50, 0x000001dd796c5770, 0x000001dd796c71b0, 0x000001dd796c3d30,
0x000001dd796c7840, 0x000001dd796c5e00, 0x000001dd796cacc0, 0x000001dd796c8560,
0x000001dd796c9280, 0x000001dd7deecab0, 0x000001dd7deede60, 0x000001dd7deeb070,
0x000001dd7deed7d0, 0x000001dd7deee4f0, 0x000001dd7deebd90, 0x000001dd7deeb700,
0x000001dd7deeeb80, 0x000001dd7deef210, 0x000001dd7deef8a0, 0x000001dd7deeff30,
0x000001dd7def05c0, 0x000001dd7def1970, 0x000001dd7def2690, 0x000001dd7def12e0,
0x000001dd7def0c50, 0x000001dd00d55340, 0x000001dd00d559d0, 0x000001dd00d56d80,
0x000001dd00d594e0, 0x000001dd00d56060, 0x000001dd00d59b70, 0x000001dd00d5b5b0,
0x000001dd7deec420, 0x000001dd7def2000, 0x000001dd796c8bf0, 0x000001dd7c024240,
0x000001dd7c022170, 0x000001dd7c021450, 0x000001dd7c021ae0, 0x000001dd7c022e90,
0x000001dd7c023bb0, 0x000001dd7c020dc0, 0x000001dd7c025c80, 0x000001dd7c0269a0,
0x000001dd7c026310, 0x000001dd7c024f60, 0x000001dd7c023520, 0x000001dd7c027030,
0x000001dd7c0255f0, 0x000001dd7c0276c0, 0x000001dd7c027d50, 0x000001dd7c0248d0,
0x000001dd7c0283e0, 0x000001dd7bc7f060, 0x000001dd7bc80410, 0x000001dd7bc7fd80,
0x000001dd7bc80aa0, 0x000001dd7bc82b70, 0x000001dd7bc81130, 0x000001dd7bc84c40,
0x000001dd7bc852d0, 0x000001dd7bc83890, 0x000001dd7bc85960, 0x000001dd7bc83f20,
0x000001dd7bc85ff0, 0x000001dd7bc86680, 0x000001dd00d57410, 0x000001dd00477940,
0x000001dd00479380, 0x000001dd004772b0, 0x000001dd00477fd0, 0x000001dd00479a10,
0x000001dd0047a0a0, 0x000001dd7be265e0, 0x000001dd7be29a60, 0x000001dd7dfbb770
}

Java Threads: ( => current thread )
  0x000001dd5b09a5f0 JavaThread "main"                              [_thread_blocked, id=7972, stack(0x000000270e300000,0x000000270e400000) (1024K)]
  0x000001dd733613c0 JavaThread "Common-Cleaner"             daemon [_thread_blocked, id=15896, stack(0x000000270eb00000,0x000000270ec00000) (1024K)]
  0x000001dd73366390 JavaThread "Reference Handler"          daemon [_thread_blocked, id=17380, stack(0x000000270ec00000,0x000000270ed00000) (1024K)]
  0x000001dd7337d410 JavaThread "Finalizer"                  daemon [_thread_blocked, id=10196, stack(0x000000270ed00000,0x000000270ee00000) (1024K)]
  0x000001dd7338f740 JavaThread "Signal Dispatcher"          daemon [_thread_blocked, id=6072, stack(0x000000270ee00000,0x000000270ef00000) (1024K)]
  0x000001dd733901a0 JavaThread "Attach Listener"            daemon [_thread_blocked, id=6620, stack(0x000000270ef00000,0x000000270f000000) (1024K)]
  0x000001dd73394dc0 JavaThread "Service Thread"             daemon [_thread_blocked, id=11856, stack(0x000000270f000000,0x000000270f100000) (1024K)]
  0x000001dd73395820 JavaThread "Monitor Deflation Thread"   daemon [_thread_blocked, id=3628, stack(0x000000270f100000,0x000000270f200000) (1024K)]
  0x000001dd733969d0 JavaThread "C2 CompilerThread0"         daemon [_thread_in_native, id=11700, stack(0x000000270f200000,0x000000270f300000) (1024K)]
  0x000001dd73397880 JavaThread "C1 CompilerThread0"         daemon [_thread_in_native, id=16224, stack(0x000000270f300000,0x000000270f400000) (1024K)]
  0x000001dd7380f630 JavaThread "Notification Thread"        daemon [_thread_blocked, id=7892, stack(0x000000270f500000,0x000000270f600000) (1024K)]
  0x000001dd73816b90 JavaThread "C2 CompilerThread1"         daemon [_thread_blocked, id=7364, stack(0x000000270f600000,0x000000270f700000) (1024K)]
  0x000001dd73b47a90 JavaThread "C2 CompilerThread2"         daemon [_thread_blocked, id=17352, stack(0x000000270fc00000,0x000000270fd00000) (1024K)]
  0x000001dd79337a70 JavaThread "Daemon health stats"               [_thread_blocked, id=17304, stack(0x0000002710000000,0x0000002710100000) (1024K)]
  0x000001dd7934d7e0 JavaThread "Incoming local TCP Connector on port 50724"        [_thread_in_native, id=14184, stack(0x0000002710100000,0x0000002710200000) (1024K)]
  0x000001dd792310e0 JavaThread "Daemon periodic checks"            [_thread_blocked, id=11440, stack(0x0000002710200000,0x0000002710300000) (1024K)]
  0x000001dd786bbaf0 JavaThread "Daemon"                            [_thread_blocked, id=15380, stack(0x0000002710a00000,0x0000002710b00000) (1024K)]
  0x000001dd7955fe40 JavaThread "Handler for socket connection from /127.0.0.1:50724 to /127.0.0.1:50725"        [_thread_in_native, id=11852, stack(0x0000002710b00000,0x0000002710c00000) (1024K)]
  0x000001dd794b7040 JavaThread "Cancel handler"                    [_thread_blocked, id=16288, stack(0x0000002710c00000,0x0000002710d00000) (1024K)]
  0x000001dd795a4600 JavaThread "Daemon worker"                     [_thread_in_Java, id=18456, stack(0x0000002710d00000,0x0000002710e00000) (1024K)]
  0x000001dd795a3f70 JavaThread "Asynchronous log dispatcher for DefaultDaemonConnection: socket connection from /127.0.0.1:50724 to /127.0.0.1:50725"        [_thread_blocked, id=6396, stack(0x0000002710e00000,0x0000002710f00000) (1024K)]
  0x000001dd795a5320 JavaThread "Stdin handler"                     [_thread_blocked, id=11832, stack(0x0000002710f00000,0x0000002711000000) (1024K)]
  0x000001dd795a4c90 JavaThread "Daemon client event forwarder"        [_thread_blocked, id=19384, stack(0x0000002711000000,0x0000002711100000) (1024K)]
  0x000001dd796c6490 JavaThread "Cache worker for journal cache (C:\Users\WIN11\.gradle\caches\journal-1)"        [_thread_blocked, id=4168, stack(0x0000002711300000,0x0000002711400000) (1024K)]
  0x000001dd796c6b20 JavaThread "File lock request listener"        [_thread_in_native, id=9992, stack(0x0000002711400000,0x0000002711500000) (1024K)]
  0x000001dd796c50e0 JavaThread "Cache worker for file hash cache (C:\Users\WIN11\.gradle\caches\8.14.3\fileHashes)"        [_thread_blocked, id=3032, stack(0x0000002711500000,0x0000002711600000) (1024K)]
  0x000001dd796c4a50 JavaThread "Cache worker for file hash cache (D:\ClothingShopApp\.gradle\8.14.3\fileHashes)"        [_thread_blocked, id=5812, stack(0x0000002711600000,0x0000002711700000) (1024K)]
  0x000001dd796c5770 JavaThread "Cache worker for Build Output Cleanup Cache (D:\ClothingShopApp\.gradle\buildOutputCleanup)"        [_thread_blocked, id=7588, stack(0x0000002711700000,0x0000002711800000) (1024K)]
  0x000001dd796c71b0 JavaThread "File watcher server"        daemon [_thread_in_native, id=8600, stack(0x0000002711800000,0x0000002711900000) (1024K)]
  0x000001dd796c3d30 JavaThread "File watcher consumer"      daemon [_thread_blocked, id=7944, stack(0x0000002711900000,0x0000002711a00000) (1024K)]
  0x000001dd796c7840 JavaThread "jar transforms"                    [_thread_blocked, id=18424, stack(0x0000002711a00000,0x0000002711b00000) (1024K)]
  0x000001dd796c5e00 JavaThread "jar transforms Thread 2"           [_thread_blocked, id=11724, stack(0x000000270fd00000,0x000000270fe00000) (1024K)]
  0x000001dd796cacc0 JavaThread "Cache worker for checksums cache (D:\ClothingShopApp\.gradle\8.14.3\checksums)"        [_thread_blocked, id=6504, stack(0x0000002711e00000,0x0000002711f00000) (1024K)]
  0x000001dd796c8560 JavaThread "Cache worker for file content cache (C:\Users\WIN11\.gradle\caches\8.14.3\fileContent)"        [_thread_blocked, id=19132, stack(0x0000002711f00000,0x0000002712000000) (1024K)]
  0x000001dd796c9280 JavaThread "jar transforms Thread 3"           [_thread_blocked, id=14224, stack(0x0000002712100000,0x0000002712200000) (1024K)]
  0x000001dd7deecab0 JavaThread "Cache worker for cache directory md-supplier (C:\Users\WIN11\.gradle\caches\8.14.3\md-supplier)"        [_thread_blocked, id=16032, stack(0x0000002712200000,0x0000002712300000) (1024K)]
  0x000001dd7deede60 JavaThread "Cache worker for cache directory md-rule (C:\Users\WIN11\.gradle\caches\8.14.3\md-rule)"        [_thread_blocked, id=5684, stack(0x0000002712300000,0x0000002712400000) (1024K)]
  0x000001dd7deeb070 JavaThread "Unconstrained build operations"        [_thread_blocked, id=436, stack(0x0000002712000000,0x0000002712100000) (1024K)]
  0x000001dd7deed7d0 JavaThread "Unconstrained build operations Thread 2"        [_thread_blocked, id=2068, stack(0x0000002712400000,0x0000002712500000) (1024K)]
  0x000001dd7deee4f0 JavaThread "Unconstrained build operations Thread 3"        [_thread_blocked, id=6664, stack(0x0000002712500000,0x0000002712600000) (1024K)]
  0x000001dd7deebd90 JavaThread "Unconstrained build operations Thread 4"        [_thread_blocked, id=13172, stack(0x0000002712600000,0x0000002712700000) (1024K)]
  0x000001dd7deeb700 JavaThread "Unconstrained build operations Thread 5"        [_thread_blocked, id=19104, stack(0x0000002712700000,0x0000002712800000) (1024K)]
  0x000001dd7deeeb80 JavaThread "Unconstrained build operations Thread 6"        [_thread_blocked, id=448, stack(0x0000002712800000,0x0000002712900000) (1024K)]
  0x000001dd7deef210 JavaThread "Unconstrained build operations Thread 7"        [_thread_blocked, id=7556, stack(0x0000002712900000,0x0000002712a00000) (1024K)]
  0x000001dd7deef8a0 JavaThread "Unconstrained build operations Thread 8"        [_thread_blocked, id=7284, stack(0x0000002712a00000,0x0000002712b00000) (1024K)]
  0x000001dd7deeff30 JavaThread "jar transforms Thread 4"           [_thread_blocked, id=18728, stack(0x0000002712c00000,0x0000002712d00000) (1024K)]
  0x000001dd7def05c0 JavaThread "jar transforms Thread 5"           [_thread_blocked, id=17584, stack(0x0000002712d00000,0x0000002712e00000) (1024K)]
  0x000001dd7def1970 JavaThread "Unconstrained build operations Thread 9"        [_thread_blocked, id=10396, stack(0x0000002712e00000,0x0000002712f00000) (1024K)]
  0x000001dd7def2690 JavaThread "Unconstrained build operations Thread 10"        [_thread_blocked, id=3580, stack(0x0000002712f00000,0x0000002713000000) (1024K)]
  0x000001dd7def12e0 JavaThread "Unconstrained build operations Thread 11"        [_thread_blocked, id=18180, stack(0x0000002713000000,0x0000002713100000) (1024K)]
  0x000001dd7def0c50 JavaThread "Unconstrained build operations Thread 12"        [_thread_blocked, id=3316, stack(0x0000002713100000,0x0000002713200000) (1024K)]
  0x000001dd00d55340 JavaThread "jar transforms Thread 6"           [_thread_blocked, id=5896, stack(0x0000002713200000,0x0000002713300000) (1024K)]
  0x000001dd00d559d0 JavaThread "jar transforms Thread 7"           [_thread_blocked, id=1996, stack(0x0000002713300000,0x0000002713400000) (1024K)]
  0x000001dd00d56d80 JavaThread "jar transforms Thread 8"           [_thread_blocked, id=10372, stack(0x0000002713400000,0x0000002713500000) (1024K)]
  0x000001dd00d594e0 JavaThread "Unconstrained build operations Thread 13"        [_thread_blocked, id=18656, stack(0x0000002711b00000,0x0000002711c00000) (1024K)]
  0x000001dd00d56060 JavaThread "Unconstrained build operations Thread 14"        [_thread_blocked, id=17316, stack(0x0000002711c00000,0x0000002711d00000) (1024K)]
  0x000001dd00d59b70 JavaThread "Unconstrained build operations Thread 15"        [_thread_blocked, id=18536, stack(0x0000002712b00000,0x0000002712c00000) (1024K)]
  0x000001dd00d5b5b0 JavaThread "Unconstrained build operations Thread 16"        [_thread_blocked, id=2484, stack(0x0000002713500000,0x0000002713600000) (1024K)]
  0x000001dd7deec420 JavaThread "Unconstrained build operations Thread 17"        [_thread_blocked, id=7320, stack(0x0000002713600000,0x0000002713700000) (1024K)]
  0x000001dd7def2000 JavaThread "Unconstrained build operations Thread 18"        [_thread_blocked, id=16352, stack(0x0000002713700000,0x0000002713800000) (1024K)]
  0x000001dd796c8bf0 JavaThread "Unconstrained build operations Thread 19"        [_thread_blocked, id=13408, stack(0x0000002713800000,0x0000002713900000) (1024K)]
  0x000001dd7c024240 JavaThread "Unconstrained build operations Thread 20"        [_thread_blocked, id=18876, stack(0x0000002713900000,0x0000002713a00000) (1024K)]
  0x000001dd7c022170 JavaThread "Unconstrained build operations Thread 21"        [_thread_blocked, id=5752, stack(0x0000002713a00000,0x0000002713b00000) (1024K)]
  0x000001dd7c021450 JavaThread "Unconstrained build operations Thread 22"        [_thread_blocked, id=11216, stack(0x0000002713b00000,0x0000002713c00000) (1024K)]
  0x000001dd7c021ae0 JavaThread "Unconstrained build operations Thread 23"        [_thread_blocked, id=4484, stack(0x0000002713c00000,0x0000002713d00000) (1024K)]
  0x000001dd7c022e90 JavaThread "Unconstrained build operations Thread 24"        [_thread_blocked, id=19196, stack(0x0000002713d00000,0x0000002713e00000) (1024K)]
  0x000001dd7c023bb0 JavaThread "Unconstrained build operations Thread 25"        [_thread_blocked, id=4148, stack(0x0000002713e00000,0x0000002713f00000) (1024K)]
  0x000001dd7c020dc0 JavaThread "Unconstrained build operations Thread 26"        [_thread_blocked, id=17596, stack(0x0000002713f00000,0x0000002714000000) (1024K)]
  0x000001dd7c025c80 JavaThread "Unconstrained build operations Thread 27"        [_thread_blocked, id=19404, stack(0x0000002714000000,0x0000002714100000) (1024K)]
  0x000001dd7c0269a0 JavaThread "Unconstrained build operations Thread 28"        [_thread_blocked, id=18116, stack(0x0000002714100000,0x0000002714200000) (1024K)]
  0x000001dd7c026310 JavaThread "Unconstrained build operations Thread 29"        [_thread_blocked, id=14404, stack(0x0000002714200000,0x0000002714300000) (1024K)]
  0x000001dd7c024f60 JavaThread "Unconstrained build operations Thread 30"        [_thread_blocked, id=6536, stack(0x0000002714300000,0x0000002714400000) (1024K)]
  0x000001dd7c023520 JavaThread "Unconstrained build operations Thread 31"        [_thread_blocked, id=18120, stack(0x0000002714400000,0x0000002714500000) (1024K)]
  0x000001dd7c027030 JavaThread "Unconstrained build operations Thread 32"        [_thread_blocked, id=10956, stack(0x0000002714500000,0x0000002714600000) (1024K)]
  0x000001dd7c0255f0 JavaThread "Unconstrained build operations Thread 33"        [_thread_blocked, id=7712, stack(0x0000002714600000,0x0000002714700000) (1024K)]
  0x000001dd7c0276c0 JavaThread "Unconstrained build operations Thread 34"        [_thread_blocked, id=2980, stack(0x0000002714700000,0x0000002714800000) (1024K)]
  0x000001dd7c027d50 JavaThread "Unconstrained build operations Thread 35"        [_thread_blocked, id=7964, stack(0x0000002714800000,0x0000002714900000) (1024K)]
  0x000001dd7c0248d0 JavaThread "Unconstrained build operations Thread 36"        [_thread_blocked, id=11976, stack(0x0000002714900000,0x0000002714a00000) (1024K)]
  0x000001dd7c0283e0 JavaThread "Unconstrained build operations Thread 37"        [_thread_blocked, id=2152, stack(0x0000002714a00000,0x0000002714b00000) (1024K)]
  0x000001dd7bc7f060 JavaThread "Unconstrained build operations Thread 38"        [_thread_blocked, id=10036, stack(0x0000002714b00000,0x0000002714c00000) (1024K)]
  0x000001dd7bc80410 JavaThread "Unconstrained build operations Thread 39"        [_thread_blocked, id=8920, stack(0x0000002714c00000,0x0000002714d00000) (1024K)]
  0x000001dd7bc7fd80 JavaThread "Unconstrained build operations Thread 40"        [_thread_blocked, id=11092, stack(0x0000002714d00000,0x0000002714e00000) (1024K)]
  0x000001dd7bc80aa0 JavaThread "Unconstrained build operations Thread 41"        [_thread_blocked, id=6764, stack(0x0000002714e00000,0x0000002714f00000) (1024K)]
  0x000001dd7bc82b70 JavaThread "Unconstrained build operations Thread 42"        [_thread_blocked, id=10248, stack(0x0000002714f00000,0x0000002715000000) (1024K)]
  0x000001dd7bc81130 JavaThread "Unconstrained build operations Thread 43"        [_thread_blocked, id=10772, stack(0x0000002715000000,0x0000002715100000) (1024K)]
  0x000001dd7bc84c40 JavaThread "Unconstrained build operations Thread 44"        [_thread_blocked, id=12244, stack(0x0000002715100000,0x0000002715200000) (1024K)]
  0x000001dd7bc852d0 JavaThread "Unconstrained build operations Thread 45"        [_thread_blocked, id=11008, stack(0x0000002715200000,0x0000002715300000) (1024K)]
  0x000001dd7bc83890 JavaThread "Unconstrained build operations Thread 46"        [_thread_blocked, id=14196, stack(0x0000002715300000,0x0000002715400000) (1024K)]
  0x000001dd7bc85960 JavaThread "Unconstrained build operations Thread 47"        [_thread_blocked, id=7084, stack(0x0000002715400000,0x0000002715500000) (1024K)]
  0x000001dd7bc83f20 JavaThread "Unconstrained build operations Thread 48"        [_thread_blocked, id=4048, stack(0x0000002715500000,0x0000002715600000) (1024K)]
  0x000001dd7bc85ff0 JavaThread "Unconstrained build operations Thread 49"        [_thread_blocked, id=18752, stack(0x0000002715600000,0x0000002715700000) (1024K)]
  0x000001dd7bc86680 JavaThread "Unconstrained build operations Thread 50"        [_thread_blocked, id=10996, stack(0x0000002715700000,0x0000002715800000) (1024K)]
  0x000001dd00d57410 JavaThread "Unconstrained build operations Thread 51"        [_thread_blocked, id=14568, stack(0x0000002715800000,0x0000002715900000) (1024K)]
  0x000001dd00477940 JavaThread "Unconstrained build operations Thread 52"        [_thread_blocked, id=12328, stack(0x0000002715900000,0x0000002715a00000) (1024K)]
  0x000001dd00479380 JavaThread "Unconstrained build operations Thread 53"        [_thread_blocked, id=12112, stack(0x0000002715a00000,0x0000002715b00000) (1024K)]
  0x000001dd004772b0 JavaThread "Unconstrained build operations Thread 54"        [_thread_blocked, id=18660, stack(0x0000002715b00000,0x0000002715c00000) (1024K)]
  0x000001dd00477fd0 JavaThread "Unconstrained build operations Thread 55"        [_thread_blocked, id=11068, stack(0x0000002715c00000,0x0000002715d00000) (1024K)]
  0x000001dd00479a10 JavaThread "Unconstrained build operations Thread 56"        [_thread_blocked, id=8068, stack(0x0000002715d00000,0x0000002715e00000) (1024K)]
  0x000001dd0047a0a0 JavaThread "Unconstrained build operations Thread 57"        [_thread_blocked, id=5532, stack(0x0000002715e00000,0x0000002715f00000) (1024K)]
  0x000001dd7be265e0 JavaThread "build event listener"              [_thread_blocked, id=2944, stack(0x0000002715f00000,0x0000002716000000) (1024K)]
  0x000001dd7be29a60 JavaThread "Memory manager"                    [_thread_blocked, id=1792, stack(0x0000002716000000,0x0000002716100000) (1024K)]
=>0x000001dd7dfbb770 JavaThread "C2 CompilerThread3"         daemon [_thread_in_native, id=8540, stack(0x0000002716100000,0x0000002716200000) (1024K)]
Total: 102

Other Threads:
  0x000001dd732437e0 VMThread "VM Thread"                           [id=16184, stack(0x000000270ea00000,0x000000270eb00000) (1024K)]
  0x000001dd732d09d0 WatcherThread "VM Periodic Task Thread"        [id=3676, stack(0x000000270e900000,0x000000270ea00000) (1024K)]
  0x000001dd5b0f4930 WorkerThread "GC Thread#0"                     [id=5560, stack(0x000000270e400000,0x000000270e500000) (1024K)]
  0x000001dd7389d9c0 WorkerThread "GC Thread#1"                     [id=4092, stack(0x000000270f700000,0x000000270f800000) (1024K)]
  0x000001dd7389e170 WorkerThread "GC Thread#2"                     [id=17032, stack(0x000000270f800000,0x000000270f900000) (1024K)]
  0x000001dd73b9b2e0 WorkerThread "GC Thread#3"                     [id=14444, stack(0x000000270f900000,0x000000270fa00000) (1024K)]
  0x000001dd73b9b680 WorkerThread "GC Thread#4"                     [id=16948, stack(0x000000270fa00000,0x000000270fb00000) (1024K)]
  0x000001dd73931350 WorkerThread "GC Thread#5"                     [id=10080, stack(0x000000270fb00000,0x000000270fc00000) (1024K)]
  0x000001dd791f7210 WorkerThread "GC Thread#6"                     [id=14076, stack(0x0000002710300000,0x0000002710400000) (1024K)]
  0x000001dd791f75b0 WorkerThread "GC Thread#7"                     [id=1500, stack(0x0000002710400000,0x0000002710500000) (1024K)]
  0x000001dd791a8f50 WorkerThread "GC Thread#8"                     [id=14848, stack(0x0000002710500000,0x0000002710600000) (1024K)]
  0x000001dd794060b0 WorkerThread "GC Thread#9"                     [id=9056, stack(0x0000002710600000,0x0000002710700000) (1024K)]
  0x000001dd79406840 WorkerThread "GC Thread#10"                    [id=4200, stack(0x0000002710700000,0x0000002710800000) (1024K)]
  0x000001dd794064a0 WorkerThread "GC Thread#11"                    [id=8928, stack(0x0000002710800000,0x0000002710900000) (1024K)]
  0x000001dd794076c0 WorkerThread "GC Thread#12"                    [id=13296, stack(0x0000002710900000,0x0000002710a00000) (1024K)]
  0x000001dd5b105820 ConcurrentGCThread "G1 Main Marker"            [id=16188, stack(0x000000270e500000,0x000000270e600000) (1024K)]
  0x000001dd5b106230 WorkerThread "G1 Conc#0"                       [id=8108, stack(0x000000270e600000,0x000000270e700000) (1024K)]
  0x000001dd79407320 WorkerThread "G1 Conc#1"                       [id=9668, stack(0x0000002711100000,0x0000002711200000) (1024K)]
  0x000001dd79406f80 WorkerThread "G1 Conc#2"                       [id=17348, stack(0x0000002711200000,0x0000002711300000) (1024K)]
  0x000001dd7314a470 ConcurrentGCThread "G1 Refine#0"               [id=13628, stack(0x000000270e700000,0x000000270e800000) (1024K)]
  0x000001dd7314cca0 ConcurrentGCThread "G1 Service"                [id=6452, stack(0x000000270e800000,0x000000270e900000) (1024K)]
Total: 21

Threads with active compile tasks:
C2 CompilerThread0  14499 13661       4       java.util.regex.Pattern::newSlice (181 bytes)
C2 CompilerThread2  14499 13664       4       java.util.regex.Pattern::expr (142 bytes)
C2 CompilerThread3  14499 13608       4       com.google.gson.internal.bind.TypeAdapters$15::read (6 bytes)
Total: 3

VM state: not at safepoint (normal execution)

VM Mutex/Monitor currently owned by a thread: None

Heap address: 0x0000000080000000, size: 2048 MB, Compressed Oops mode: 32-bit

CDS archive(s) not mapped
Compressed class space mapped at: 0x0000000100000000-0x0000000140000000, reserved size: 1073741824
Narrow klass base: 0x0000000000000000, Narrow klass shift: 3, Narrow klass range: 0x140000000

GC Precious Log:
 CardTable entry size: 512
 Card Set container configuration: InlinePtr #cards 5 size 8 Array Of Cards #cards 12 size 40 Howl #buckets 4 coarsen threshold 1843 Howl Bitmap #cards 512 size 80 coarsen threshold 460 Card regions per heap region 1 cards per card region 2048
 CPUs: 16 total, 16 available
 Memory: 16088M
 Large Page Support: Disabled
 NUMA Support: Disabled
 Compressed Oops: Enabled (32-bit)
 Heap Region Size: 1M
 Heap Min Capacity: 8M
 Heap Initial Capacity: 252M
 Heap Max Capacity: 2G
 Pre-touch: Disabled
 Parallel Workers: 13
 Concurrent Workers: 3
 Concurrent Refinement Workers: 13
 Periodic GC: Disabled

Heap:
 garbage-first heap   total 156672K, used 123211K [0x0000000080000000, 0x0000000100000000)
  region size 1024K, 42 young (43008K), 4 survivors (4096K)
 Metaspace       used 105253K, committed 107264K, reserved 1179648K
  class space    used 14228K, committed 15232K, reserved 1048576K

Heap Regions: E=young(eden), S=young(survivor), O=old, HS=humongous(starts), HC=humongous(continues), CS=collection set, F=free, TAMS=top-at-mark-start, PB=parsable bottom
|   0|0x0000000080000000, 0x0000000080100000, 0x0000000080100000|100%|HS|  |TAMS 0x0000000080000000| PB 0x0000000080000000| Complete 
|   1|0x0000000080100000, 0x0000000080200000, 0x0000000080200000|100%|HC|  |TAMS 0x0000000080100000| PB 0x0000000080100000| Complete 
|   2|0x0000000080200000, 0x0000000080300000, 0x0000000080300000|100%|HC|  |TAMS 0x0000000080200000| PB 0x0000000080200000| Complete 
|   3|0x0000000080300000, 0x0000000080400000, 0x0000000080400000|100%| O|  |TAMS 0x0000000080300000| PB 0x0000000080300000| Untracked 
|   4|0x0000000080400000, 0x0000000080500000, 0x0000000080500000|100%| O|  |TAMS 0x0000000080400000| PB 0x0000000080400000| Untracked 
|   5|0x0000000080500000, 0x0000000080600000, 0x0000000080600000|100%| O|  |TAMS 0x0000000080500000| PB 0x0000000080500000| Untracked 
|   6|0x0000000080600000, 0x0000000080700000, 0x0000000080700000|100%|HS|  |TAMS 0x0000000080600000| PB 0x0000000080600000| Complete 
|   7|0x0000000080700000, 0x0000000080800000, 0x0000000080800000|100%| O|  |TAMS 0x0000000080700000| PB 0x0000000080700000| Untracked 
|   8|0x0000000080800000, 0x0000000080900000, 0x0000000080900000|100%| O|  |TAMS 0x0000000080800000| PB 0x0000000080800000| Untracked 
|   9|0x0000000080900000, 0x0000000080a00000, 0x0000000080a00000|100%| O|  |TAMS 0x0000000080900000| PB 0x0000000080900000| Untracked 
|  10|0x0000000080a00000, 0x0000000080b00000, 0x0000000080b00000|100%| O|  |TAMS 0x0000000080a00000| PB 0x0000000080a00000| Untracked 
|  11|0x0000000080b00000, 0x0000000080c00000, 0x0000000080c00000|100%| O|  |TAMS 0x0000000080b00000| PB 0x0000000080b00000| Untracked 
|  12|0x0000000080c00000, 0x0000000080d00000, 0x0000000080d00000|100%| O|  |TAMS 0x0000000080c00000| PB 0x0000000080c00000| Untracked 
|  13|0x0000000080d00000, 0x0000000080e00000, 0x0000000080e00000|100%| O|  |TAMS 0x0000000080d00000| PB 0x0000000080d00000| Untracked 
|  14|0x0000000080e00000, 0x0000000080f00000, 0x0000000080f00000|100%| O|  |TAMS 0x0000000080e00000| PB 0x0000000080e00000| Untracked 
|  15|0x0000000080f00000, 0x0000000081000000, 0x0000000081000000|100%| O|  |TAMS 0x0000000080f00000| PB 0x0000000080f00000| Untracked 
|  16|0x0000000081000000, 0x0000000081100000, 0x0000000081100000|100%| O|  |TAMS 0x0000000081000000| PB 0x0000000081000000| Untracked 
|  17|0x0000000081100000, 0x0000000081200000, 0x0000000081200000|100%| O|  |TAMS 0x0000000081100000| PB 0x0000000081100000| Untracked 
|  18|0x0000000081200000, 0x0000000081300000, 0x0000000081300000|100%| O|  |TAMS 0x0000000081200000| PB 0x0000000081200000| Untracked 
|  19|0x0000000081300000, 0x0000000081400000, 0x0000000081400000|100%| O|  |TAMS 0x0000000081300000| PB 0x0000000081300000| Untracked 
|  20|0x0000000081400000, 0x0000000081500000, 0x0000000081500000|100%| O|  |TAMS 0x0000000081400000| PB 0x0000000081400000| Untracked 
|  21|0x0000000081500000, 0x0000000081600000, 0x0000000081600000|100%| O|  |TAMS 0x0000000081500000| PB 0x0000000081500000| Untracked 
|  22|0x0000000081600000, 0x0000000081700000, 0x0000000081700000|100%| O|  |TAMS 0x0000000081600000| PB 0x0000000081600000| Untracked 
|  23|0x0000000081700000, 0x0000000081800000, 0x0000000081800000|100%| O|  |TAMS 0x0000000081700000| PB 0x0000000081700000| Untracked 
|  24|0x0000000081800000, 0x0000000081900000, 0x0000000081900000|100%| O|  |TAMS 0x0000000081800000| PB 0x0000000081800000| Untracked 
|  25|0x0000000081900000, 0x0000000081a00000, 0x0000000081a00000|100%| O|  |TAMS 0x0000000081900000| PB 0x0000000081900000| Untracked 
|  26|0x0000000081a00000, 0x0000000081b00000, 0x0000000081b00000|100%| O|  |TAMS 0x0000000081a00000| PB 0x0000000081a00000| Untracked 
|  27|0x0000000081b00000, 0x0000000081c00000, 0x0000000081c00000|100%| O|  |TAMS 0x0000000081b00000| PB 0x0000000081b00000| Untracked 
|  28|0x0000000081c00000, 0x0000000081d00000, 0x0000000081d00000|100%| O|  |TAMS 0x0000000081c00000| PB 0x0000000081c00000| Untracked 
|  29|0x0000000081d00000, 0x0000000081e00000, 0x0000000081e00000|100%| O|  |TAMS 0x0000000081d00000| PB 0x0000000081d00000| Untracked 
|  30|0x0000000081e00000, 0x0000000081f00000, 0x0000000081f00000|100%| O|  |TAMS 0x0000000081e00000| PB 0x0000000081e00000| Untracked 
|  31|0x0000000081f00000, 0x0000000082000000, 0x0000000082000000|100%| O|  |TAMS 0x0000000081f00000| PB 0x0000000081f00000| Untracked 
|  32|0x0000000082000000, 0x0000000082100000, 0x0000000082100000|100%| O|  |TAMS 0x0000000082000000| PB 0x0000000082000000| Untracked 
|  33|0x0000000082100000, 0x0000000082200000, 0x0000000082200000|100%| O|  |TAMS 0x0000000082100000| PB 0x0000000082100000| Untracked 
|  34|0x0000000082200000, 0x0000000082300000, 0x0000000082300000|100%| O|  |TAMS 0x0000000082200000| PB 0x0000000082200000| Untracked 
|  35|0x0000000082300000, 0x0000000082400000, 0x0000000082400000|100%| O|  |TAMS 0x0000000082300000| PB 0x0000000082300000| Untracked 
|  36|0x0000000082400000, 0x0000000082500000, 0x0000000082500000|100%| O|  |TAMS 0x0000000082400000| PB 0x0000000082400000| Untracked 
|  37|0x0000000082500000, 0x0000000082600000, 0x0000000082600000|100%| O|  |TAMS 0x0000000082500000| PB 0x0000000082500000| Untracked 
|  38|0x0000000082600000, 0x0000000082700000, 0x0000000082700000|100%| O|  |TAMS 0x0000000082600000| PB 0x0000000082600000| Untracked 
|  39|0x0000000082700000, 0x0000000082800000, 0x0000000082800000|100%| O|  |TAMS 0x0000000082700000| PB 0x0000000082700000| Untracked 
|  40|0x0000000082800000, 0x0000000082900000, 0x0000000082900000|100%| O|  |TAMS 0x0000000082800000| PB 0x0000000082800000| Untracked 
|  41|0x0000000082900000, 0x0000000082a00000, 0x0000000082a00000|100%| O|  |TAMS 0x0000000082900000| PB 0x0000000082900000| Untracked 
|  42|0x0000000082a00000, 0x0000000082b00000, 0x0000000082b00000|100%| O|  |TAMS 0x0000000082a00000| PB 0x0000000082a00000| Untracked 
|  43|0x0000000082b00000, 0x0000000082c00000, 0x0000000082c00000|100%| O|  |TAMS 0x0000000082b00000| PB 0x0000000082b00000| Untracked 
|  44|0x0000000082c00000, 0x0000000082d00000, 0x0000000082d00000|100%| O|  |TAMS 0x0000000082c00000| PB 0x0000000082c00000| Untracked 
|  45|0x0000000082d00000, 0x0000000082e00000, 0x0000000082e00000|100%| O|  |TAMS 0x0000000082d00000| PB 0x0000000082d00000| Untracked 
|  46|0x0000000082e00000, 0x0000000082f00000, 0x0000000082f00000|100%| O|  |TAMS 0x0000000082e00000| PB 0x0000000082e00000| Untracked 
|  47|0x0000000082f00000, 0x0000000083000000, 0x0000000083000000|100%| O|  |TAMS 0x0000000082f00000| PB 0x0000000082f00000| Untracked 
|  48|0x0000000083000000, 0x0000000083100000, 0x0000000083100000|100%| O|  |TAMS 0x0000000083000000| PB 0x0000000083000000| Untracked 
|  49|0x0000000083100000, 0x0000000083200000, 0x0000000083200000|100%| O|  |TAMS 0x0000000083100000| PB 0x0000000083100000| Untracked 
|  50|0x0000000083200000, 0x0000000083300000, 0x0000000083300000|100%|HS|  |TAMS 0x0000000083200000| PB 0x0000000083200000| Complete 
|  51|0x0000000083300000, 0x0000000083400000, 0x0000000083400000|100%|HS|  |TAMS 0x0000000083300000| PB 0x0000000083300000| Complete 
|  52|0x0000000083400000, 0x0000000083500000, 0x0000000083500000|100%|HS|  |TAMS 0x0000000083400000| PB 0x0000000083400000| Complete 
|  53|0x0000000083500000, 0x0000000083600000, 0x0000000083600000|100%| O|  |TAMS 0x0000000083500000| PB 0x0000000083500000| Untracked 
|  54|0x0000000083600000, 0x0000000083700000, 0x0000000083700000|100%| O|  |TAMS 0x0000000083600000| PB 0x0000000083600000| Untracked 
|  55|0x0000000083700000, 0x0000000083800000, 0x0000000083800000|100%| O|  |TAMS 0x0000000083700000| PB 0x0000000083700000| Untracked 
|  56|0x0000000083800000, 0x0000000083900000, 0x0000000083900000|100%| O|  |TAMS 0x0000000083800000| PB 0x0000000083800000| Untracked 
|  57|0x0000000083900000, 0x0000000083a00000, 0x0000000083a00000|100%| O|  |TAMS 0x0000000083900000| PB 0x0000000083900000| Untracked 
|  58|0x0000000083a00000, 0x0000000083b00000, 0x0000000083b00000|100%| O|  |TAMS 0x0000000083a00000| PB 0x0000000083a00000| Untracked 
|  59|0x0000000083b00000, 0x0000000083c00000, 0x0000000083c00000|100%| O|  |TAMS 0x0000000083b00000| PB 0x0000000083b00000| Untracked 
|  60|0x0000000083c00000, 0x0000000083d00000, 0x0000000083d00000|100%| O|  |TAMS 0x0000000083c00000| PB 0x0000000083c00000| Untracked 
|  61|0x0000000083d00000, 0x0000000083e00000, 0x0000000083e00000|100%| O|  |TAMS 0x0000000083d00000| PB 0x0000000083d00000| Untracked 
|  62|0x0000000083e00000, 0x0000000083f00000, 0x0000000083f00000|100%| O|  |TAMS 0x0000000083e00000| PB 0x0000000083e00000| Untracked 
|  63|0x0000000083f00000, 0x0000000084000000, 0x0000000084000000|100%|HS|  |TAMS 0x0000000083f00000| PB 0x0000000083f00000| Complete 
|  64|0x0000000084000000, 0x0000000084100000, 0x0000000084100000|100%| O|  |TAMS 0x0000000084000000| PB 0x0000000084000000| Untracked 
|  65|0x0000000084100000, 0x0000000084200000, 0x0000000084200000|100%| O|  |TAMS 0x0000000084100000| PB 0x0000000084100000| Untracked 
|  66|0x0000000084200000, 0x0000000084300000, 0x0000000084300000|100%| O|  |TAMS 0x0000000084200000| PB 0x0000000084200000| Untracked 
|  67|0x0000000084300000, 0x0000000084352e60, 0x0000000084400000| 32%| O|  |TAMS 0x0000000084300000| PB 0x0000000084300000| Untracked 
|  68|0x0000000084400000, 0x0000000084500000, 0x0000000084500000|100%|HS|  |TAMS 0x0000000084400000| PB 0x0000000084400000| Complete 
|  69|0x0000000084500000, 0x0000000084600000, 0x0000000084600000|100%|HS|  |TAMS 0x0000000084500000| PB 0x0000000084500000| Complete 
|  70|0x0000000084600000, 0x0000000084700000, 0x0000000084700000|100%| O|  |TAMS 0x0000000084600000| PB 0x0000000084600000| Untracked 
|  71|0x0000000084700000, 0x0000000084800000, 0x0000000084800000|100%| O|  |TAMS 0x0000000084700000| PB 0x0000000084700000| Untracked 
|  72|0x0000000084800000, 0x0000000084900000, 0x0000000084900000|100%| O|  |TAMS 0x0000000084800000| PB 0x0000000084800000| Untracked 
|  73|0x0000000084900000, 0x0000000084a00000, 0x0000000084a00000|100%| O|Cm|TAMS 0x0000000084900000| PB 0x0000000084900000| Complete 
|  74|0x0000000084a00000, 0x0000000084b00000, 0x0000000084b00000|100%| O|  |TAMS 0x0000000084a00000| PB 0x0000000084a00000| Untracked 
|  75|0x0000000084b00000, 0x0000000084c00000, 0x0000000084c00000|100%| O|  |TAMS 0x0000000084b00000| PB 0x0000000084b00000| Untracked 
|  76|0x0000000084c00000, 0x0000000084d00000, 0x0000000084d00000|100%|HS|  |TAMS 0x0000000084c00000| PB 0x0000000084c00000| Complete 
|  77|0x0000000084d00000, 0x0000000084e00000, 0x0000000084e00000|100%|HS|  |TAMS 0x0000000084d00000| PB 0x0000000084d00000| Complete 
|  78|0x0000000084e00000, 0x0000000084f00000, 0x0000000084f00000|100%| O|  |TAMS 0x0000000084e00000| PB 0x0000000084e00000| Untracked 
|  79|0x0000000084f00000, 0x0000000085000000, 0x0000000085000000|100%| O|  |TAMS 0x0000000084f00000| PB 0x0000000084f00000| Untracked 
|  80|0x0000000085000000, 0x0000000085100000, 0x0000000085100000|100%| O|  |TAMS 0x0000000085000000| PB 0x0000000085000000| Untracked 
|  81|0x0000000085100000, 0x0000000085100000, 0x0000000085200000|  0%| F|  |TAMS 0x0000000085100000| PB 0x0000000085100000| Untracked 
|  82|0x0000000085200000, 0x0000000085200000, 0x0000000085300000|  0%| F|  |TAMS 0x0000000085200000| PB 0x0000000085200000| Untracked 
|  83|0x0000000085300000, 0x0000000085300000, 0x0000000085400000|  0%| F|  |TAMS 0x0000000085300000| PB 0x0000000085300000| Untracked 
|  84|0x0000000085400000, 0x0000000085400000, 0x0000000085500000|  0%| F|  |TAMS 0x0000000085400000| PB 0x0000000085400000| Untracked 
|  85|0x0000000085500000, 0x0000000085500000, 0x0000000085600000|  0%| F|  |TAMS 0x0000000085500000| PB 0x0000000085500000| Untracked 
|  86|0x0000000085600000, 0x0000000085600000, 0x0000000085700000|  0%| F|  |TAMS 0x0000000085600000| PB 0x0000000085600000| Untracked 
|  87|0x0000000085700000, 0x0000000085700000, 0x0000000085800000|  0%| F|  |TAMS 0x0000000085700000| PB 0x0000000085700000| Untracked 
|  88|0x0000000085800000, 0x0000000085800000, 0x0000000085900000|  0%| F|  |TAMS 0x0000000085800000| PB 0x0000000085800000| Untracked 
|  89|0x0000000085900000, 0x0000000085900000, 0x0000000085a00000|  0%| F|  |TAMS 0x0000000085900000| PB 0x0000000085900000| Untracked 
|  90|0x0000000085a00000, 0x0000000085a00000, 0x0000000085b00000|  0%| F|  |TAMS 0x0000000085a00000| PB 0x0000000085a00000| Untracked 
|  91|0x0000000085b00000, 0x0000000085b00000, 0x0000000085c00000|  0%| F|  |TAMS 0x0000000085b00000| PB 0x0000000085b00000| Untracked 
|  92|0x0000000085c00000, 0x0000000085c00000, 0x0000000085d00000|  0%| F|  |TAMS 0x0000000085c00000| PB 0x0000000085c00000| Untracked 
|  93|0x0000000085d00000, 0x0000000085d00000, 0x0000000085e00000|  0%| F|  |TAMS 0x0000000085d00000| PB 0x0000000085d00000| Untracked 
|  94|0x0000000085e00000, 0x0000000085e00000, 0x0000000085f00000|  0%| F|  |TAMS 0x0000000085e00000| PB 0x0000000085e00000| Untracked 
|  95|0x0000000085f00000, 0x0000000085f00000, 0x0000000086000000|  0%| F|  |TAMS 0x0000000085f00000| PB 0x0000000085f00000| Untracked 
|  96|0x0000000086000000, 0x0000000086000000, 0x0000000086100000|  0%| F|  |TAMS 0x0000000086000000| PB 0x0000000086000000| Untracked 
|  97|0x0000000086100000, 0x0000000086100000, 0x0000000086200000|  0%| F|  |TAMS 0x0000000086100000| PB 0x0000000086100000| Untracked 
|  98|0x0000000086200000, 0x0000000086200000, 0x0000000086300000|  0%| F|  |TAMS 0x0000000086200000| PB 0x0000000086200000| Untracked 
|  99|0x0000000086300000, 0x0000000086300000, 0x0000000086400000|  0%| F|  |TAMS 0x0000000086300000| PB 0x0000000086300000| Untracked 
| 100|0x0000000086400000, 0x0000000086400000, 0x0000000086500000|  0%| F|  |TAMS 0x0000000086400000| PB 0x0000000086400000| Untracked 
| 101|0x0000000086500000, 0x0000000086500000, 0x0000000086600000|  0%| F|  |TAMS 0x0000000086500000| PB 0x0000000086500000| Untracked 
| 102|0x0000000086600000, 0x0000000086700000, 0x0000000086700000|100%| S|CS|TAMS 0x0000000086600000| PB 0x0000000086600000| Complete 
| 103|0x0000000086700000, 0x0000000086800000, 0x0000000086800000|100%| S|CS|TAMS 0x0000000086700000| PB 0x0000000086700000| Complete 
| 104|0x0000000086800000, 0x0000000086900000, 0x0000000086900000|100%| S|CS|TAMS 0x0000000086800000| PB 0x0000000086800000| Complete 
| 105|0x0000000086900000, 0x0000000086a00000, 0x0000000086a00000|100%| S|CS|TAMS 0x0000000086900000| PB 0x0000000086900000| Complete 
| 106|0x0000000086a00000, 0x0000000086a00000, 0x0000000086b00000|  0%| F|  |TAMS 0x0000000086a00000| PB 0x0000000086a00000| Untracked 
| 107|0x0000000086b00000, 0x0000000086b00000, 0x0000000086c00000|  0%| F|  |TAMS 0x0000000086b00000| PB 0x0000000086b00000| Untracked 
| 108|0x0000000086c00000, 0x0000000086c00000, 0x0000000086d00000|  0%| F|  |TAMS 0x0000000086c00000| PB 0x0000000086c00000| Untracked 
| 109|0x0000000086d00000, 0x0000000086d00000, 0x0000000086e00000|  0%| F|  |TAMS 0x0000000086d00000| PB 0x0000000086d00000| Untracked 
| 110|0x0000000086e00000, 0x0000000086e00000, 0x0000000086f00000|  0%| F|  |TAMS 0x0000000086e00000| PB 0x0000000086e00000| Untracked 
| 111|0x0000000086f00000, 0x0000000086f00000, 0x0000000087000000|  0%| F|  |TAMS 0x0000000086f00000| PB 0x0000000086f00000| Untracked 
| 112|0x0000000087000000, 0x0000000087000000, 0x0000000087100000|  0%| F|  |TAMS 0x0000000087000000| PB 0x0000000087000000| Untracked 
| 113|0x0000000087100000, 0x0000000087100000, 0x0000000087200000|  0%| F|  |TAMS 0x0000000087100000| PB 0x0000000087100000| Untracked 
| 114|0x0000000087200000, 0x0000000087200000, 0x0000000087300000|  0%| F|  |TAMS 0x0000000087200000| PB 0x0000000087200000| Untracked 
| 115|0x0000000087300000, 0x0000000087400000, 0x0000000087400000|100%| E|  |TAMS 0x0000000087300000| PB 0x0000000087300000| Complete 
| 116|0x0000000087400000, 0x0000000087500000, 0x0000000087500000|100%| E|CS|TAMS 0x0000000087400000| PB 0x0000000087400000| Complete 
| 117|0x0000000087500000, 0x0000000087600000, 0x0000000087600000|100%| E|CS|TAMS 0x0000000087500000| PB 0x0000000087500000| Complete 
| 118|0x0000000087600000, 0x0000000087700000, 0x0000000087700000|100%| E|CS|TAMS 0x0000000087600000| PB 0x0000000087600000| Complete 
| 119|0x0000000087700000, 0x0000000087800000, 0x0000000087800000|100%| E|CS|TAMS 0x0000000087700000| PB 0x0000000087700000| Complete 
| 120|0x0000000087800000, 0x0000000087900000, 0x0000000087900000|100%| E|CS|TAMS 0x0000000087800000| PB 0x0000000087800000| Complete 
| 121|0x0000000087900000, 0x0000000087a00000, 0x0000000087a00000|100%| E|CS|TAMS 0x0000000087900000| PB 0x0000000087900000| Complete 
| 122|0x0000000087a00000, 0x0000000087b00000, 0x0000000087b00000|100%| E|CS|TAMS 0x0000000087a00000| PB 0x0000000087a00000| Complete 
| 123|0x0000000087b00000, 0x0000000087c00000, 0x0000000087c00000|100%| E|  |TAMS 0x0000000087b00000| PB 0x0000000087b00000| Complete 
| 124|0x0000000087c00000, 0x0000000087d00000, 0x0000000087d00000|100%| E|CS|TAMS 0x0000000087c00000| PB 0x0000000087c00000| Complete 
| 125|0x0000000087d00000, 0x0000000087e00000, 0x0000000087e00000|100%| E|CS|TAMS 0x0000000087d00000| PB 0x0000000087d00000| Complete 
| 126|0x0000000087e00000, 0x0000000087f00000, 0x0000000087f00000|100%| E|CS|TAMS 0x0000000087e00000| PB 0x0000000087e00000| Complete 
| 127|0x0000000087f00000, 0x0000000088000000, 0x0000000088000000|100%| E|CS|TAMS 0x0000000087f00000| PB 0x0000000087f00000| Complete 
| 128|0x0000000088000000, 0x0000000088100000, 0x0000000088100000|100%| E|CS|TAMS 0x0000000088000000| PB 0x0000000088000000| Complete 
| 129|0x0000000088100000, 0x0000000088200000, 0x0000000088200000|100%| E|CS|TAMS 0x0000000088100000| PB 0x0000000088100000| Complete 
| 130|0x0000000088200000, 0x0000000088300000, 0x0000000088300000|100%| E|CS|TAMS 0x0000000088200000| PB 0x0000000088200000| Complete 
| 131|0x0000000088300000, 0x0000000088400000, 0x0000000088400000|100%| E|CS|TAMS 0x0000000088300000| PB 0x0000000088300000| Complete 
| 132|0x0000000088400000, 0x0000000088500000, 0x0000000088500000|100%| E|CS|TAMS 0x0000000088400000| PB 0x0000000088400000| Complete 
| 133|0x0000000088500000, 0x0000000088600000, 0x0000000088600000|100%| E|CS|TAMS 0x0000000088500000| PB 0x0000000088500000| Complete 
| 134|0x0000000088600000, 0x0000000088700000, 0x0000000088700000|100%| E|CS|TAMS 0x0000000088600000| PB 0x0000000088600000| Complete 
| 135|0x0000000088700000, 0x0000000088800000, 0x0000000088800000|100%| E|CS|TAMS 0x0000000088700000| PB 0x0000000088700000| Complete 
| 136|0x0000000088800000, 0x0000000088900000, 0x0000000088900000|100%| E|CS|TAMS 0x0000000088800000| PB 0x0000000088800000| Complete 
| 137|0x0000000088900000, 0x0000000088a00000, 0x0000000088a00000|100%| E|CS|TAMS 0x0000000088900000| PB 0x0000000088900000| Complete 
| 138|0x0000000088a00000, 0x0000000088b00000, 0x0000000088b00000|100%| E|CS|TAMS 0x0000000088a00000| PB 0x0000000088a00000| Complete 
| 139|0x0000000088b00000, 0x0000000088c00000, 0x0000000088c00000|100%| E|CS|TAMS 0x0000000088b00000| PB 0x0000000088b00000| Complete 
| 140|0x0000000088c00000, 0x0000000088d00000, 0x0000000088d00000|100%| E|CS|TAMS 0x0000000088c00000| PB 0x0000000088c00000| Complete 
| 231|0x000000008e700000, 0x000000008e800000, 0x000000008e800000|100%| E|CS|TAMS 0x000000008e700000| PB 0x000000008e700000| Complete 
| 232|0x000000008e800000, 0x000000008e900000, 0x000000008e900000|100%| E|CS|TAMS 0x000000008e800000| PB 0x000000008e800000| Complete 
| 233|0x000000008e900000, 0x000000008ea00000, 0x000000008ea00000|100%| E|CS|TAMS 0x000000008e900000| PB 0x000000008e900000| Complete 
| 234|0x000000008ea00000, 0x000000008eb00000, 0x000000008eb00000|100%| E|CS|TAMS 0x000000008ea00000| PB 0x000000008ea00000| Complete 
| 235|0x000000008eb00000, 0x000000008ec00000, 0x000000008ec00000|100%| E|CS|TAMS 0x000000008eb00000| PB 0x000000008eb00000| Complete 
| 236|0x000000008ec00000, 0x000000008ed00000, 0x000000008ed00000|100%| E|CS|TAMS 0x000000008ec00000| PB 0x000000008ec00000| Complete 
| 237|0x000000008ed00000, 0x000000008ee00000, 0x000000008ee00000|100%| E|CS|TAMS 0x000000008ed00000| PB 0x000000008ed00000| Complete 
| 238|0x000000008ee00000, 0x000000008ef00000, 0x000000008ef00000|100%| E|CS|TAMS 0x000000008ee00000| PB 0x000000008ee00000| Complete 
| 239|0x000000008ef00000, 0x000000008f000000, 0x000000008f000000|100%| E|CS|TAMS 0x000000008ef00000| PB 0x000000008ef00000| Complete 
| 240|0x000000008f000000, 0x000000008f100000, 0x000000008f100000|100%| E|CS|TAMS 0x000000008f000000| PB 0x000000008f000000| Complete 
| 241|0x000000008f100000, 0x000000008f200000, 0x000000008f200000|100%| E|CS|TAMS 0x000000008f100000| PB 0x000000008f100000| Complete 
| 251|0x000000008fb00000, 0x000000008fc00000, 0x000000008fc00000|100%| E|CS|TAMS 0x000000008fb00000| PB 0x000000008fb00000| Complete 

Card table byte_map: [0x000001dd6de70000,0x000001dd6e270000] _byte_map_base: 0x000001dd6da70000

Marking Bits: (CMBitMap*) 0x000001dd5b0f4f40
 Bits: [0x000001dd6e270000, 0x000001dd70270000)

Polling page: 0x000001dd58ee0000

Metaspace:

Usage:
  Non-class:     88.89 MB used.
      Class:     13.90 MB used.
       Both:    102.79 MB used.

Virtual space:
  Non-class space:      128.00 MB reserved,      89.88 MB ( 70%) committed,  2 nodes.
      Class space:        1.00 GB reserved,      14.88 MB (  1%) committed,  1 nodes.
             Both:        1.12 GB reserved,     104.75 MB (  9%) committed. 

Chunk freelists:
   Non-Class:  5.97 MB
       Class:  1.17 MB
        Both:  7.14 MB

MaxMetaspaceSize: unlimited
CompressedClassSpaceSize: 1.00 GB
Initial GC threshold: 21.00 MB
Current GC threshold: 170.00 MB
CDS: off
 - commit_granule_bytes: 65536.
 - commit_granule_words: 8192.
 - virtual_space_node_default_size: 8388608.
 - enlarge_chunks_in_place: 1.
 - use_allocation_guard: 0.


Internal statistics:

num_allocs_failed_limit: 9.
num_arena_births: 3814.
num_arena_deaths: 10.
num_vsnodes_births: 3.
num_vsnodes_deaths: 0.
num_space_committed: 1676.
num_space_uncommitted: 0.
num_chunks_returned_to_freelist: 35.
num_chunks_taken_from_freelist: 8120.
num_chunk_merges: 8.
num_chunk_splits: 5320.
num_chunks_enlarged: 3378.
num_inconsistent_stats: 0.

CodeHeap 'non-profiled nmethods': size=119168Kb used=7354Kb max_used=7443Kb free=111814Kb
 bounds [0x000001dd65d90000, 0x000001dd664e0000, 0x000001dd6d1f0000]
CodeHeap 'profiled nmethods': size=119104Kb used=21273Kb max_used=21273Kb free=97830Kb
 bounds [0x000001dd5e1f0000, 0x000001dd5f6c0000, 0x000001dd65640000]
CodeHeap 'non-nmethods': size=7488Kb used=2887Kb max_used=4624Kb free=4600Kb
 bounds [0x000001dd65640000, 0x000001dd65ad0000, 0x000001dd65d90000]
 total_blobs=12389 nmethods=11391 adapters=901
 compilation: enabled
              stopped_count=0, restarted_count=0
 full_count=0

Compilation events (20 events):
Event: 12.472 Thread 0x000001dd782abcb0 nmethod 13632 0x000001dd5f697910 code [0x000001dd5f697ac0, 0x000001dd5f697ce0]
Event: 12.472 Thread 0x000001dd782abcb0 13633       3       kotlin.TuplesKt::to (10 bytes)
Event: 12.473 Thread 0x000001dd782abcb0 nmethod 13633 0x000001dd5f697d90 code [0x000001dd5f697f40, 0x000001dd5f6981f8]
Event: 12.473 Thread 0x000001dd73397880 nmethod 13631 0x000001dd5f698310 code [0x000001dd5f698540, 0x000001dd5f698bf0]
Event: 12.473 Thread 0x000001dd73816b90 nmethod 13621 0x000001dd65f17090 code [0x000001dd65f17360, 0x000001dd65f18288]
Event: 12.473 Thread 0x000001dd73397880 13634       1       kotlin.Pair::component1 (5 bytes)
Event: 12.473 Thread 0x000001dd73568940 13635       1       kotlin.Pair::component2 (5 bytes)
Event: 12.473 Thread 0x000001dd782abcb0 13636       3       com.android.tools.build.jetifier.core.type.JavaType::hashCode (17 bytes)
Event: 12.473 Thread 0x000001dd73568940 nmethod 13635 0x000001dd65f16d90 code [0x000001dd65f16f20, 0x000001dd65f16fe8]
Event: 12.473 Thread 0x000001dd73397880 nmethod 13634 0x000001dd65f16a90 code [0x000001dd65f16c20, 0x000001dd65f16ce8]
Event: 12.473 Thread 0x000001dd782abcb0 nmethod 13636 0x000001dd5f698e90 code [0x000001dd5f699040, 0x000001dd5f6991f0]
Event: 12.474 Thread 0x000001dd73397880 13637       3       com.android.tools.build.jetifier.core.type.JavaType::hasInnerType (16 bytes)
Event: 12.474 Thread 0x000001dd73397880 nmethod 13637 0x000001dd5f699290 code [0x000001dd5f699440, 0x000001dd5f699600]
Event: 12.474 Thread 0x000001dd73816b90 13638       4       kotlin.text.StringsKt__StringsKt::indexOf (48 bytes)
Event: 12.476 Thread 0x000001dd733969d0 nmethod 13579 0x000001dd65f14010 code [0x000001dd65f142c0, 0x000001dd65f15c28]
Event: 12.476 Thread 0x000001dd733969d0 13639       4       kotlin.text.StringsKt__StringsKt::contains (24 bytes)
Event: 12.476 Thread 0x000001dd73816b90 nmethod 13638 0x000001dd662dbb90 code [0x000001dd662dbd40, 0x000001dd662dc028]
Event: 13.622 Thread 0x000001dd73397880 13640       3       javax.management.ObjectName::construct (1135 bytes)
Event: 14.477 Thread 0x000001dd73397880 nmethod 13640 0x000001dd5f699710 code [0x000001dd5f699dc0, 0x000001dd5f69d668]
Event: 14.477 Thread 0x000001dd733969d0 nmethod 13639 0x000001dd662db490 code [0x000001dd662db640, 0x000001dd662db8f8]

GC Heap History (20 events):
Event: 8.917 GC heap before
{Heap before GC invocations=27 (full 0):
 garbage-first heap   total 103424K, used 89518K [0x0000000080000000, 0x0000000100000000)
  region size 1024K, 42 young (43008K), 6 survivors (6144K)
 Metaspace       used 87190K, committed 88960K, reserved 1179648K
  class space    used 11891K, committed 12736K, reserved 1048576K
}
Event: 8.921 GC heap after
{Heap after GC invocations=28 (full 0):
 garbage-first heap   total 124928K, used 57590K [0x0000000080000000, 0x0000000100000000)
  region size 1024K, 4 young (4096K), 4 survivors (4096K)
 Metaspace       used 87190K, committed 88960K, reserved 1179648K
  class space    used 11891K, committed 12736K, reserved 1048576K
}
Event: 9.209 GC heap before
{Heap before GC invocations=29 (full 0):
 garbage-first heap   total 124928K, used 111862K [0x0000000080000000, 0x0000000100000000)
  region size 1024K, 58 young (59392K), 4 survivors (4096K)
 Metaspace       used 87413K, committed 89152K, reserved 1179648K
  class space    used 11882K, committed 12736K, reserved 1048576K
}
Event: 9.212 GC heap after
{Heap after GC invocations=30 (full 0):
 garbage-first heap   total 124928K, used 59586K [0x0000000080000000, 0x0000000100000000)
  region size 1024K, 6 young (6144K), 6 survivors (6144K)
 Metaspace       used 87413K, committed 89152K, reserved 1179648K
  class space    used 11882K, committed 12736K, reserved 1048576K
}
Event: 9.502 GC heap before
{Heap before GC invocations=30 (full 0):
 garbage-first heap   total 124928K, used 112834K [0x0000000080000000, 0x0000000100000000)
  region size 1024K, 56 young (57344K), 6 survivors (6144K)
 Metaspace       used 87836K, committed 89664K, reserved 1179648K
  class space    used 11942K, committed 12864K, reserved 1048576K
}
Event: 9.509 GC heap after
{Heap after GC invocations=31 (full 0):
 garbage-first heap   total 125952K, used 66778K [0x0000000080000000, 0x0000000100000000)
  region size 1024K, 7 young (7168K), 7 survivors (7168K)
 Metaspace       used 87836K, committed 89664K, reserved 1179648K
  class space    used 11942K, committed 12864K, reserved 1048576K
}
Event: 9.524 GC heap before
{Heap before GC invocations=31 (full 0):
 garbage-first heap   total 125952K, used 67802K [0x0000000080000000, 0x0000000100000000)
  region size 1024K, 9 young (9216K), 7 survivors (7168K)
 Metaspace       used 87836K, committed 89664K, reserved 1179648K
  class space    used 11942K, committed 12864K, reserved 1048576K
}
Event: 9.527 GC heap after
{Heap after GC invocations=32 (full 0):
 garbage-first heap   total 125952K, used 68310K [0x0000000080000000, 0x0000000100000000)
  region size 1024K, 2 young (2048K), 2 survivors (2048K)
 Metaspace       used 87836K, committed 89664K, reserved 1179648K
  class space    used 11942K, committed 12864K, reserved 1048576K
}
Event: 9.738 GC heap before
{Heap before GC invocations=33 (full 0):
 garbage-first heap   total 125952K, used 98006K [0x0000000080000000, 0x0000000100000000)
  region size 1024K, 28 young (28672K), 2 survivors (2048K)
 Metaspace       used 89693K, committed 91456K, reserved 1179648K
  class space    used 12159K, committed 13056K, reserved 1048576K
}
Event: 9.740 GC heap after
{Heap after GC invocations=34 (full 0):
 garbage-first heap   total 125952K, used 74064K [0x0000000080000000, 0x0000000100000000)
  region size 1024K, 4 young (4096K), 4 survivors (4096K)
 Metaspace       used 89693K, committed 91456K, reserved 1179648K
  class space    used 12159K, committed 13056K, reserved 1048576K
}
Event: 9.963 GC heap before
{Heap before GC invocations=34 (full 0):
 garbage-first heap   total 125952K, used 99664K [0x0000000080000000, 0x0000000100000000)
  region size 1024K, 30 young (30720K), 4 survivors (4096K)
 Metaspace       used 92124K, committed 94016K, reserved 1179648K
  class space    used 12450K, committed 13376K, reserved 1048576K
}
Event: 9.965 GC heap after
{Heap after GC invocations=35 (full 0):
 garbage-first heap   total 125952K, used 75819K [0x0000000080000000, 0x0000000100000000)
  region size 1024K, 2 young (2048K), 2 survivors (2048K)
 Metaspace       used 92124K, committed 94016K, reserved 1179648K
  class space    used 12450K, committed 13376K, reserved 1048576K
}
Event: 10.221 GC heap before
{Heap before GC invocations=35 (full 0):
 garbage-first heap   total 125952K, used 102443K [0x0000000080000000, 0x0000000100000000)
  region size 1024K, 29 young (29696K), 2 survivors (2048K)
 Metaspace       used 95203K, committed 97152K, reserved 1179648K
  class space    used 12866K, committed 13824K, reserved 1048576K
}
Event: 10.225 GC heap after
{Heap after GC invocations=36 (full 0):
 garbage-first heap   total 125952K, used 76822K [0x0000000080000000, 0x0000000100000000)
  region size 1024K, 3 young (3072K), 3 survivors (3072K)
 Metaspace       used 95203K, committed 97152K, reserved 1179648K
  class space    used 12866K, committed 13824K, reserved 1048576K
}
Event: 10.485 GC heap before
{Heap before GC invocations=37 (full 0):
 garbage-first heap   total 130048K, used 110614K [0x0000000080000000, 0x0000000100000000)
  region size 1024K, 32 young (32768K), 3 survivors (3072K)
 Metaspace       used 96608K, committed 98496K, reserved 1179648K
  class space    used 13106K, committed 14016K, reserved 1048576K
}
Event: 10.488 GC heap after
{Heap after GC invocations=38 (full 0):
 garbage-first heap   total 130048K, used 81950K [0x0000000080000000, 0x0000000100000000)
  region size 1024K, 4 young (4096K), 4 survivors (4096K)
 Metaspace       used 96608K, committed 98496K, reserved 1179648K
  class space    used 13106K, committed 14016K, reserved 1048576K
}
Event: 10.712 GC heap before
{Heap before GC invocations=38 (full 0):
 garbage-first heap   total 130048K, used 111646K [0x0000000080000000, 0x0000000100000000)
  region size 1024K, 33 young (33792K), 4 survivors (4096K)
 Metaspace       used 98987K, committed 100928K, reserved 1179648K
  class space    used 13406K, committed 14336K, reserved 1048576K
}
Event: 10.715 GC heap after
{Heap after GC invocations=39 (full 0):
 garbage-first heap   total 156672K, used 82895K [0x0000000080000000, 0x0000000100000000)
  region size 1024K, 4 young (4096K), 4 survivors (4096K)
 Metaspace       used 98987K, committed 100928K, reserved 1179648K
  class space    used 13406K, committed 14336K, reserved 1048576K
}
Event: 11.206 GC heap before
{Heap before GC invocations=39 (full 0):
 garbage-first heap   total 156672K, used 131023K [0x0000000080000000, 0x0000000100000000)
  region size 1024K, 51 young (52224K), 4 survivors (4096K)
 Metaspace       used 102385K, committed 104320K, reserved 1179648K
  class space    used 13823K, committed 14784K, reserved 1048576K
}
Event: 11.210 GC heap after
{Heap after GC invocations=40 (full 0):
 garbage-first heap   total 156672K, used 85323K [0x0000000080000000, 0x0000000100000000)
  region size 1024K, 4 young (4096K), 4 survivors (4096K)
 Metaspace       used 102385K, committed 104320K, reserved 1179648K
  class space    used 13823K, committed 14784K, reserved 1048576K
}

Dll operation events (3 events):
Event: 0.008 Loaded shared library C:\Program Files\Android\Android Studio\jbr\bin\java.dll
Event: 0.012 Loaded shared library C:\Program Files\Android\Android Studio\jbr\bin\zip.dll
Event: 0.556 Loaded shared library C:\Program Files\Android\Android Studio\jbr\bin\verify.dll

Deoptimization events (20 events):
Event: 10.983 Thread 0x000001dd795a4600 Uncommon trap: trap_request=0xffffff45 fr.pc=0x000001dd66003f50 relative=0x00000000000029d0
Event: 10.983 Thread 0x000001dd795a4600 Uncommon trap: reason=unstable_if action=reinterpret pc=0x000001dd66003f50 method=com.google.common.collect.MapMakerInternalMap$Segment.getEntry(Ljava/lang/Object;I)Lcom/google/common/collect/MapMakerInternalMap$InternalEntry; @ 40 c2
Event: 10.983 Thread 0x000001dd795a4600 DEOPT PACKING pc=0x000001dd66003f50 sp=0x0000002710df7320
Event: 10.983 Thread 0x000001dd795a4600 DEOPT UNPACKING pc=0x000001dd656946a2 sp=0x0000002710df7248 mode 2
Event: 10.984 Thread 0x000001dd795a4600 Uncommon trap: trap_request=0xffffff45 fr.pc=0x000001dd66392998 relative=0x0000000000000438
Event: 10.984 Thread 0x000001dd795a4600 Uncommon trap: reason=unstable_if action=reinterpret pc=0x000001dd66392998 method=com.google.common.collect.MapMakerInternalMap$Segment.getEntry(Ljava/lang/Object;I)Lcom/google/common/collect/MapMakerInternalMap$InternalEntry; @ 40 c2
Event: 10.984 Thread 0x000001dd795a4600 DEOPT PACKING pc=0x000001dd66392998 sp=0x0000002710df7290
Event: 10.984 Thread 0x000001dd795a4600 DEOPT UNPACKING pc=0x000001dd656946a2 sp=0x0000002710df7228 mode 2
Event: 10.984 Thread 0x000001dd795a4600 Uncommon trap: trap_request=0xffffffd6 fr.pc=0x000001dd66431e78 relative=0x0000000000002258
Event: 10.984 Thread 0x000001dd795a4600 Uncommon trap: reason=array_check action=maybe_recompile pc=0x000001dd66431e78 method=java.util.TimSort.reverseRange([Ljava/lang/Object;II)V @ 20 c2
Event: 10.984 Thread 0x000001dd795a4600 DEOPT PACKING pc=0x000001dd66431e78 sp=0x0000002710df89e0
Event: 10.984 Thread 0x000001dd795a4600 DEOPT UNPACKING pc=0x000001dd656946a2 sp=0x0000002710df8820 mode 2
Event: 11.057 Thread 0x000001dd795a4600 DEOPT PACKING pc=0x000001dd5ea4a182 sp=0x0000002710df7b30
Event: 11.057 Thread 0x000001dd795a4600 DEOPT UNPACKING pc=0x000001dd65694e42 sp=0x0000002710df6ff8 mode 0
Event: 11.135 Thread 0x000001dd795a4600 Uncommon trap: trap_request=0xffffffd6 fr.pc=0x000001dd6642d910 relative=0x00000000000009d0
Event: 11.135 Thread 0x000001dd795a4600 Uncommon trap: reason=array_check action=maybe_recompile pc=0x000001dd6642d910 method=java.util.TimSort.reverseRange([Ljava/lang/Object;II)V @ 20 c2
Event: 11.135 Thread 0x000001dd795a4600 DEOPT PACKING pc=0x000001dd6642d910 sp=0x0000002710df8960
Event: 11.135 Thread 0x000001dd795a4600 DEOPT UNPACKING pc=0x000001dd656946a2 sp=0x0000002710df88a0 mode 2
Event: 11.329 Thread 0x000001dd795a4600 DEOPT PACKING pc=0x000001dd5ea7a0e8 sp=0x0000002710df7af0
Event: 11.329 Thread 0x000001dd795a4600 DEOPT UNPACKING pc=0x000001dd65694e42 sp=0x0000002710df6ff0 mode 0

Classes loaded (20 events):
Event: 10.405 Loading class java/util/jar/JarVerifier$VerifierStream
Event: 10.405 Loading class java/util/jar/JarVerifier$VerifierStream done
Event: 10.405 Loading class sun/security/util/ManifestEntryVerifier$SunProviderHolder
Event: 10.405 Loading class sun/security/util/ManifestEntryVerifier$SunProviderHolder done
Event: 10.454 Loading class java/security/KeyStore$ProtectionParameter
Event: 10.454 Loading class java/security/KeyStore$ProtectionParameter done
Event: 10.524 Loading class sun/misc/Unsafe
Event: 10.524 Loading class sun/misc/Unsafe done
Event: 10.548 Loading class sun/reflect/annotation/AnnotationInvocationHandler$1
Event: 10.548 Loading class sun/reflect/annotation/AnnotationInvocationHandler$1 done
Event: 10.562 Loading class java/lang/foreign/ValueLayout
Event: 10.562 Loading class java/lang/foreign/MemoryLayout
Event: 10.562 Loading class java/lang/foreign/MemoryLayout done
Event: 10.562 Loading class java/lang/foreign/ValueLayout done
Event: 10.838 Loading class javax/xml/stream/XMLStreamException
Event: 10.838 Loading class javax/xml/stream/XMLStreamException done
Event: 11.858 Loading class java/util/concurrent/LinkedBlockingDeque$Itr
Event: 12.471 Loading class java/util/concurrent/LinkedBlockingDeque$AbstractItr
Event: 12.471 Loading class java/util/concurrent/LinkedBlockingDeque$AbstractItr done
Event: 12.471 Loading class java/util/concurrent/LinkedBlockingDeque$Itr done

Classes unloaded (20 events):
Event: 6.639 Thread 0x000001dd732437e0 Unloading class 0x0000000100754000 '_BuildScript_'
Event: 7.298 Thread 0x000001dd732437e0 Unloading class 0x0000000100950410 '_BuildScript_$_run_closure1$_closure2'
Event: 7.298 Thread 0x000001dd732437e0 Unloading class 0x0000000100950000 '_BuildScript_$_run_closure1'
Event: 7.298 Thread 0x000001dd732437e0 Unloading class 0x0000000100949800 '_BuildScript_'
Event: 7.298 Thread 0x000001dd732437e0 Unloading class 0x0000000100945410 '_BuildScript_$_run_closure1$_closure2$_closure4'
Event: 7.298 Thread 0x000001dd732437e0 Unloading class 0x0000000100945000 '_BuildScript_$_run_closure1$_closure2$_closure3'
Event: 7.298 Thread 0x000001dd732437e0 Unloading class 0x0000000100944968 '_BuildScript_$_run_closure1$_closure2'
Event: 7.298 Thread 0x000001dd732437e0 Unloading class 0x0000000100944558 '_BuildScript_$_run_closure1'
Event: 7.298 Thread 0x000001dd732437e0 Unloading class 0x0000000100944000 '_BuildScript_'
Event: 8.951 Thread 0x000001dd732437e0 Unloading class 0x0000000100959410 '_BuildScript_'
Event: 8.951 Thread 0x000001dd732437e0 Unloading class 0x0000000100959000 'SetupUtpTestResultListenerAction$_execute_closure1$_closure2'
Event: 8.951 Thread 0x000001dd732437e0 Unloading class 0x0000000100958ac0 'SetupUtpTestResultListenerAction$_execute_closure1'
Event: 8.951 Thread 0x000001dd732437e0 Unloading class 0x0000000100958800 'SetupUtpTestResultListenerAction'
Event: 8.951 Thread 0x000001dd732437e0 Unloading class 0x0000000100952410 '_BuildScript_$_run_closure1$_closure3'
Event: 8.951 Thread 0x000001dd732437e0 Unloading class 0x0000000100952000 '_BuildScript_$_run_closure1$_closure2'
Event: 8.951 Thread 0x000001dd732437e0 Unloading class 0x0000000100758968 '_BuildScript_$_run_closure1'
Event: 8.951 Thread 0x000001dd732437e0 Unloading class 0x0000000100758410 '_BuildScript_'
Event: 8.951 Thread 0x000001dd732437e0 Unloading class 0x0000000100758000 'KotlinCoroutineJvmDebugArgumentsProvider$_asArguments_closure1'
Event: 8.951 Thread 0x000001dd732437e0 Unloading class 0x0000000100754220 'KotlinCoroutineJvmDebugArgumentsProvider'
Event: 8.951 Thread 0x000001dd732437e0 Unloading class 0x0000000100754000 'Properties'

Classes redefined (0 events):
No events

Internal exceptions (20 events):
Event: 9.408 Thread 0x000001dd795a4c90 Exception <a 'java/lang/NoSuchMethodError'{0x0000000084f16a58}: static Lorg/gradle/internal/build/event/types/DefaultBinaryPluginIdentifier;.<clinit>()V> (0x0000000084f16a58) 
thrown [s\src\hotspot\share\prims\jni.cpp, line 1144]
Event: 9.410 Thread 0x000001dd795a4c90 Exception <a 'java/lang/NoSuchMethodError'{0x0000000084f31068}: static Lorg/gradle/internal/build/event/types/DefaultScriptPluginIdentifier;.<clinit>()V> (0x0000000084f31068) 
thrown [s\src\hotspot\share\prims\jni.cpp, line 1144]
Event: 9.449 Thread 0x000001dd795a4600 Implicit null exception at 0x000001dd6635c75e to 0x000001dd6635cbf4
Event: 9.449 Thread 0x000001dd795a4600 Implicit null exception at 0x000001dd6635bb5f to 0x000001dd6635bffc
Event: 9.573 Thread 0x000001dd795a4600 Exception <a 'java/lang/ClassNotFoundException'{0x000000008ee3cbf0}: org/gradle/api/internal/plugins/DefaultObjectConfigurationActionBeanInfo> (0x000000008ee3cbf0) 
thrown [s\src\hotspot\share\classfile\systemDictionary.cpp, line 312]
Event: 9.574 Thread 0x000001dd795a4600 Exception <a 'java/lang/ClassNotFoundException'{0x000000008ee50a58}: org/gradle/api/internal/plugins/DefaultObjectConfigurationActionCustomizer> (0x000000008ee50a58) 
thrown [s\src\hotspot\share\classfile\systemDictionary.cpp, line 312]
Event: 9.867 Thread 0x000001dd795a4600 Exception <a 'java/lang/NoSuchMethodError'{0x0000000086b8d9f8}: 'int java.lang.invoke.DirectMethodHandle$Holder.invokeSpecialIFC(java.lang.Object, java.lang.Object, java.lang.Object, java.lang.Object, java.lang.Object)'> (0x0000000086b8d9f8) 
thrown [s\src\hotspot\share\interpreter\linkResolver.cpp, line 784]
Event: 10.219 Thread 0x000001dd795a4600 Exception <a 'java/lang/NoSuchMethodError'{0x0000000085e93d50}: 'java.lang.Object java.lang.invoke.DirectMethodHandle$Holder.newInvokeSpecial(java.lang.Object, java.lang.Object, java.lang.Object, java.lang.Object, java.lang.Object, java.lang.Object, java.lang.Object, java.lang.Object, java.lang.Object, java.lang.Object, java.lang.Object, java.lang.Object, java.lang.Object, java.lang.Object, java.lang.Object, java.lang.Object)'> (0x0000000085e93d50) 
thrown [s\src\hotspot\share\interpreter\linkResolver.cpp,
Event: 10.220 Thread 0x000001dd795a4600 Exception <a 'java/lang/NoSuchMethodError'{0x0000000085e9a9c8}: 'java.lang.Object java.lang.invoke.DirectMethodHandle$Holder.invokeSpecial(java.lang.Object, java.lang.Object, java.lang.Object, java.lang.Object, java.lang.Object, java.lang.Object, java.lang.Object, java.lang.Object, java.lang.Object, java.lang.Object, java.lang.Object, java.lang.Object, java.lang.Object, java.lang.Object, java.lang.Object, java.lang.Object, java.lang.Object)'> (0x0000000085e9a9c8) 
thrown [s\src\hotspot\share\interpreter\li
Event: 10.220 Thread 0x000001dd795a4600 Exception <a 'java/lang/NoSuchMethodError'{0x0000000085ea05a8}: 'java.lang.Object java.lang.invoke.DelegatingMethodHandle$Holder.reinvoke_L(java.lang.Object, java.lang.Object, java.lang.Object, java.lang.Object, java.lang.Object, java.lang.Object, java.lang.Object, java.lang.Object, java.lang.Object, java.lang.Object, java.lang.Object, java.lang.Object, java.lang.Object, java.lang.Object, java.lang.Object, java.lang.Object)'> (0x0000000085ea05a8) 
thrown [s\src\hotspot\share\interpreter\linkResolver.cpp, l
Event: 10.389 Thread 0x000001dd795a4600 Implicit null exception at 0x000001dd65e10f5d to 0x000001dd65e111a0
Event: 10.983 Thread 0x000001dd795a4600 Implicit null exception at 0x000001dd663a47d4 to 0x000001dd663a672c
Event: 10.983 Thread 0x000001dd795a4600 Implicit null exception at 0x000001dd66001e28 to 0x000001dd66003f24
Event: 10.984 Thread 0x000001dd795a4600 Implicit null exception at 0x000001dd6639268c to 0x000001dd66392964
Event: 11.281 Thread 0x000001dd795a4600 Exception <a 'java/lang/NoClassDefFoundError'{0x000000008ec79500}: org/jetbrains/kotlin/gradle/plugin/KotlinBasePluginWrapper> (0x000000008ec79500) 
thrown [s\src\hotspot\share\classfile\systemDictionary.cpp, line 301]
Event: 11.330 Thread 0x000001dd795a4600 Exception <a 'java/lang/NoSuchMethodError'{0x0000000088aea950}: 'java.lang.Object java.lang.invoke.DirectMethodHandle$Holder.newInvokeSpecial(java.lang.Object, java.lang.Object, java.lang.Object, java.lang.Object, java.lang.Object, java.lang.Object, java.lang.Object, java.lang.Object, java.lang.Object, java.lang.Object, java.lang.Object, java.lang.Object, java.lang.Object, java.lang.Object)'> (0x0000000088aea950) 
thrown [s\src\hotspot\share\interpreter\linkResolver.cpp, line 784]
Event: 11.373 Thread 0x000001dd795a4600 Exception <a 'java/lang/NoClassDefFoundError'{0x00000000884ab288}: org/jetbrains/kotlin/gradle/plugin/KotlinBasePluginWrapper> (0x00000000884ab288) 
thrown [s\src\hotspot\share\oops\constantPool.cpp, line 874]
Event: 11.392 Thread 0x000001dd795a4600 Exception <a 'java/lang/NoClassDefFoundError'{0x00000000880025a8}: org/jetbrains/kotlin/gradle/plugin/KotlinBasePluginWrapper> (0x00000000880025a8) 
thrown [s\src\hotspot\share\oops\constantPool.cpp, line 874]
Event: 11.408 Thread 0x000001dd795a4600 Exception <a 'java/lang/NoClassDefFoundError'{0x0000000087e22fb8}: org/jetbrains/kotlin/gradle/plugin/KotlinBasePluginWrapper> (0x0000000087e22fb8) 
thrown [s\src\hotspot\share\oops\constantPool.cpp, line 874]
Event: 11.411 Thread 0x000001dd795a4600 Exception <a 'java/lang/NoClassDefFoundError'{0x0000000087e40020}: org/jetbrains/kotlin/gradle/plugin/KotlinBasePluginWrapper> (0x0000000087e40020) 
thrown [s\src\hotspot\share\oops\constantPool.cpp, line 874]

ZGC Phase Switch (0 events):
No events

VM Operations (20 events):
Event: 10.485 Executing VM operation: G1CollectForAllocation (G1 Evacuation Pause)
Event: 10.488 Executing VM operation: G1CollectForAllocation (G1 Evacuation Pause) done
Event: 10.712 Executing VM operation: G1CollectForAllocation (G1 Evacuation Pause)
Event: 10.715 Executing VM operation: G1CollectForAllocation (G1 Evacuation Pause) done
Event: 10.983 Executing VM operation: ICBufferFull
Event: 10.983 Executing VM operation: ICBufferFull done
Event: 11.206 Executing VM operation: G1CollectForAllocation (G1 Evacuation Pause)
Event: 11.210 Executing VM operation: G1CollectForAllocation (G1 Evacuation Pause) done
Event: 11.236 Executing VM operation: G1PauseRemark
Event: 11.241 Executing VM operation: G1PauseRemark done
Event: 11.258 Executing VM operation: G1PauseCleanup
Event: 11.258 Executing VM operation: G1PauseCleanup done
Event: 11.297 Executing VM operation: HandshakeAllThreads (Deoptimize)
Event: 11.297 Executing VM operation: HandshakeAllThreads (Deoptimize) done
Event: 12.298 Executing VM operation: Cleanup
Event: 12.470 Executing VM operation: Cleanup done
Event: 12.479 Executing VM operation: HandshakeAllThreads (Deoptimize)
Event: 14.478 Executing VM operation: HandshakeAllThreads (Deoptimize) done
Event: 14.478 Executing VM operation: Cleanup
Event: 14.478 Executing VM operation: Cleanup done

Memory protections (0 events):
No events

Nmethod flushes (20 events):
Event: 11.240 Thread 0x000001dd732437e0 flushing  nmethod 0x000001dd5ec5fb90
Event: 11.240 Thread 0x000001dd732437e0 flushing  nmethod 0x000001dd65f8e810
Event: 11.240 Thread 0x000001dd732437e0 flushing  nmethod 0x000001dd661f2210
Event: 11.240 Thread 0x000001dd732437e0 flushing  nmethod 0x000001dd663d7610
Event: 11.240 Thread 0x000001dd732437e0 flushing  nmethod 0x000001dd5e26c210
Event: 11.240 Thread 0x000001dd732437e0 flushing  nmethod 0x000001dd5e270d90
Event: 11.240 Thread 0x000001dd732437e0 flushing  nmethod 0x000001dd5e2d6e90
Event: 11.240 Thread 0x000001dd732437e0 flushing  nmethod 0x000001dd5e4e4690
Event: 11.240 Thread 0x000001dd732437e0 flushing  nmethod 0x000001dd5e8e6b90
Event: 11.240 Thread 0x000001dd732437e0 flushing  nmethod 0x000001dd5ec6b410
Event: 11.240 Thread 0x000001dd732437e0 flushing  nmethod 0x000001dd5f016090
Event: 11.240 Thread 0x000001dd732437e0 flushing  nmethod 0x000001dd5f146790
Event: 11.240 Thread 0x000001dd732437e0 flushing  nmethod 0x000001dd65dce490
Event: 11.240 Thread 0x000001dd732437e0 flushing  nmethod 0x000001dd662cfc10
Event: 11.240 Thread 0x000001dd732437e0 flushing  nmethod 0x000001dd5e309d90
Event: 11.240 Thread 0x000001dd732437e0 flushing  nmethod 0x000001dd5e3b1290
Event: 11.240 Thread 0x000001dd732437e0 flushing  nmethod 0x000001dd5e3b1790
Event: 11.240 Thread 0x000001dd732437e0 flushing  nmethod 0x000001dd5e5fb690
Event: 11.240 Thread 0x000001dd732437e0 flushing  nmethod 0x000001dd5e760e10
Event: 11.240 Thread 0x000001dd732437e0 flushing  nmethod 0x000001dd5ee0e610

Events (20 events):
Event: 9.018 Thread 0x000001dd795a4600 Thread added: 0x000001dd7bc84c40
Event: 9.018 Thread 0x000001dd795a4600 Thread added: 0x000001dd7bc852d0
Event: 9.019 Thread 0x000001dd795a4600 Thread added: 0x000001dd7bc83890
Event: 9.019 Thread 0x000001dd795a4600 Thread added: 0x000001dd7bc85960
Event: 9.020 Thread 0x000001dd795a4600 Thread added: 0x000001dd7bc83f20
Event: 9.020 Thread 0x000001dd795a4600 Thread added: 0x000001dd7bc85ff0
Event: 9.020 Thread 0x000001dd795a4600 Thread added: 0x000001dd7bc86680
Event: 9.021 Thread 0x000001dd795a4600 Thread added: 0x000001dd00d57410
Event: 9.021 Thread 0x000001dd795a4600 Thread added: 0x000001dd00477940
Event: 9.021 Thread 0x000001dd795a4600 Thread added: 0x000001dd00479380
Event: 9.022 Thread 0x000001dd795a4600 Thread added: 0x000001dd004772b0
Event: 9.022 Thread 0x000001dd795a4600 Thread added: 0x000001dd00477fd0
Event: 9.022 Thread 0x000001dd795a4600 Thread added: 0x000001dd00479a10
Event: 9.022 Thread 0x000001dd795a4600 Thread added: 0x000001dd0047a0a0
Event: 9.938 Thread 0x000001dd795a4600 Thread added: 0x000001dd7be265e0
Event: 10.294 Thread 0x000001dd795a4600 Thread added: 0x000001dd7be29a60
Event: 10.440 Thread 0x000001dd73397880 Thread added: 0x000001dd7dfbb770
Event: 12.472 Thread 0x000001dd73b39bb0 Thread exited: 0x000001dd73b39bb0
Event: 14.476 Thread 0x000001dd782abcb0 Thread exited: 0x000001dd782abcb0
Event: 14.477 Thread 0x000001dd73568940 Thread exited: 0x000001dd73568940


Dynamic libraries:
0x00007ff6a1d30000 - 0x00007ff6a1d3a000 	C:\Program Files\Android\Android Studio\jbr\bin\java.exe
0x00007ffe742e0000 - 0x00007ffe74549000 	C:\WINDOWS\SYSTEM32\ntdll.dll
0x00007ffe724c0000 - 0x00007ffe72589000 	C:\WINDOWS\System32\KERNEL32.DLL
0x00007ffe715e0000 - 0x00007ffe719d3000 	C:\WINDOWS\System32\KERNELBASE.dll
0x00007ffe71cb0000 - 0x00007ffe71dfb000 	C:\WINDOWS\System32\ucrtbase.dll
0x00007ffe662f0000 - 0x00007ffe66308000 	C:\Program Files\Android\Android Studio\jbr\bin\jli.dll
0x00007ffe6c110000 - 0x00007ffe6c12b000 	C:\Program Files\Android\Android Studio\jbr\bin\VCRUNTIME140.dll
0x00007ffe73710000 - 0x00007ffe738d4000 	C:\WINDOWS\System32\USER32.dll
0x00007ffe71eb0000 - 0x00007ffe71ed7000 	C:\WINDOWS\System32\win32u.dll
0x00007ffe738e0000 - 0x00007ffe7390b000 	C:\WINDOWS\System32\GDI32.dll
0x00007ffe59160000 - 0x00007ffe593f3000 	C:\WINDOWS\WinSxS\amd64_microsoft.windows.common-controls_6595b64144ccf1df_6.0.26100.5074_none_3e0d6f78e32fd63f\COMCTL32.dll
0x00007ffe71ee0000 - 0x00007ffe7200d000 	C:\WINDOWS\System32\gdi32full.dll
0x00007ffe72710000 - 0x00007ffe727b9000 	C:\WINDOWS\System32\msvcrt.dll
0x00007ffe71e00000 - 0x00007ffe71ea3000 	C:\WINDOWS\System32\msvcp_win.dll
0x00007ffe73910000 - 0x00007ffe7393f000 	C:\WINDOWS\System32\IMM32.DLL
0x00007ffe6dfc0000 - 0x00007ffe6dfcc000 	C:\Program Files\Android\Android Studio\jbr\bin\vcruntime140_1.dll
0x00007ffe11be0000 - 0x00007ffe11c6d000 	C:\Program Files\Android\Android Studio\jbr\bin\msvcp140.dll
0x00007ffde8680000 - 0x00007ffde930e000 	C:\Program Files\Android\Android Studio\jbr\bin\server\jvm.dll
0x00007ffe741c0000 - 0x00007ffe74274000 	C:\WINDOWS\System32\ADVAPI32.dll
0x00007ffe72390000 - 0x00007ffe72436000 	C:\WINDOWS\System32\sechost.dll
0x00007ffe740a0000 - 0x00007ffe741b8000 	C:\WINDOWS\System32\RPCRT4.dll
0x00007ffe72440000 - 0x00007ffe724b4000 	C:\WINDOWS\System32\WS2_32.dll
0x00007ffe61cc0000 - 0x00007ffe61cf5000 	C:\WINDOWS\SYSTEM32\WINMM.dll
0x00007ffe71000000 - 0x00007ffe7105e000 	C:\WINDOWS\SYSTEM32\POWRPROF.dll
0x00007ffe67c80000 - 0x00007ffe67c8b000 	C:\WINDOWS\SYSTEM32\VERSION.dll
0x00007ffe70de0000 - 0x00007ffe70df4000 	C:\WINDOWS\SYSTEM32\UMPDC.dll
0x00007ffe701b0000 - 0x00007ffe701cb000 	C:\WINDOWS\SYSTEM32\kernel.appcore.dll
0x00007ffe6bd50000 - 0x00007ffe6bd5a000 	C:\Program Files\Android\Android Studio\jbr\bin\jimage.dll
0x00007ffe6eb20000 - 0x00007ffe6ed62000 	C:\WINDOWS\SYSTEM32\DBGHELP.DLL
0x00007ffe72970000 - 0x00007ffe72ceb000 	C:\WINDOWS\System32\combase.dll
0x00007ffe725a0000 - 0x00007ffe72677000 	C:\WINDOWS\System32\OLEAUT32.dll
0x00007ffe45960000 - 0x00007ffe4599d000 	C:\WINDOWS\SYSTEM32\dbgcore.DLL
0x00007ffe72010000 - 0x00007ffe720a9000 	C:\WINDOWS\System32\bcryptPrimitives.dll
0x00007ffe6e080000 - 0x00007ffe6e08e000 	C:\Program Files\Android\Android Studio\jbr\bin\instrument.dll
0x00007ffe65cb0000 - 0x00007ffe65cd0000 	C:\Program Files\Android\Android Studio\jbr\bin\java.dll
0x00007ffe47460000 - 0x00007ffe47478000 	C:\Program Files\Android\Android Studio\jbr\bin\zip.dll
0x00007ffe73950000 - 0x00007ffe7409d000 	C:\WINDOWS\System32\SHELL32.dll
0x00007ffe71470000 - 0x00007ffe715dc000 	C:\WINDOWS\System32\wintypes.dll
0x00007ffe6f110000 - 0x00007ffe6f969000 	C:\WINDOWS\SYSTEM32\windows.storage.dll
0x00007ffe73610000 - 0x00007ffe73700000 	C:\WINDOWS\System32\SHCORE.dll
0x00007ffe72f70000 - 0x00007ffe72fd2000 	C:\WINDOWS\System32\shlwapi.dll
0x00007ffe71390000 - 0x00007ffe713b9000 	C:\WINDOWS\SYSTEM32\profapi.dll
0x00007ffe6acf0000 - 0x00007ffe6ad00000 	C:\Program Files\Android\Android Studio\jbr\bin\net.dll
0x00007ffe679e0000 - 0x00007ffe67aff000 	C:\WINDOWS\SYSTEM32\WINHTTP.dll
0x00007ffe707d0000 - 0x00007ffe7083b000 	C:\WINDOWS\system32\mswsock.dll
0x00007ffe461a0000 - 0x00007ffe461b6000 	C:\Program Files\Android\Android Studio\jbr\bin\nio.dll
0x00007ffe47990000 - 0x00007ffe479a0000 	C:\Program Files\Android\Android Studio\jbr\bin\verify.dll
0x00007ffe66310000 - 0x00007ffe66337000 	C:\Users\WIN11\.gradle\native\1def1411415f61bf3af743bc5b6707747c0891f09f0c88961ee8f79bc544acac\windows-amd64\native-platform.dll
0x00007ffe10520000 - 0x00007ffe10598000 	C:\Users\WIN11\.gradle\native\0.2.7\x86_64-windows-gnu\gradle-fileevents.dll
0x00007ffe6ac10000 - 0x00007ffe6ac19000 	C:\Program Files\Android\Android Studio\jbr\bin\management.dll
0x00007ffe66260000 - 0x00007ffe6626b000 	C:\Program Files\Android\Android Studio\jbr\bin\management_ext.dll
0x00007ffe74280000 - 0x00007ffe74288000 	C:\WINDOWS\System32\PSAPI.DLL
0x00007ffe6fc70000 - 0x00007ffe6fca4000 	C:\WINDOWS\SYSTEM32\IPHLPAPI.DLL
0x00007ffe74290000 - 0x00007ffe7429a000 	C:\WINDOWS\System32\NSI.dll
0x00007ffe6ac60000 - 0x00007ffe6ac69000 	C:\Program Files\Android\Android Studio\jbr\bin\extnet.dll
0x00007ffe70a70000 - 0x00007ffe70a8b000 	C:\WINDOWS\SYSTEM32\CRYPTSP.dll
0x00007ffe701d0000 - 0x00007ffe7020b000 	C:\WINDOWS\system32\rsaenh.dll
0x00007ffe70870000 - 0x00007ffe7089b000 	C:\WINDOWS\SYSTEM32\USERENV.dll
0x00007ffe71360000 - 0x00007ffe71386000 	C:\WINDOWS\SYSTEM32\bcrypt.dll
0x00007ffe70a90000 - 0x00007ffe70a9c000 	C:\WINDOWS\SYSTEM32\CRYPTBASE.dll
0x00007ffe5e290000 - 0x00007ffe5e298000 	C:\WINDOWS\system32\wshunix.dll
0x00007ffe6fd00000 - 0x00007ffe6fe26000 	C:\WINDOWS\SYSTEM32\DNSAPI.dll
0x00007ffe65920000 - 0x00007ffe6592b000 	C:\Windows\System32\rasadhlp.dll
0x00007ffe65cd0000 - 0x00007ffe65d56000 	C:\WINDOWS\System32\fwpuclnt.dll

dbghelp: loaded successfully - version: 4.0.5 - missing functions: none
symbol engine: initialized successfully - sym options: 0x614 - pdb path: .;C:\Program Files\Android\Android Studio\jbr\bin;C:\WINDOWS\SYSTEM32;C:\WINDOWS\WinSxS\amd64_microsoft.windows.common-controls_6595b64144ccf1df_6.0.26100.5074_none_3e0d6f78e32fd63f;C:\Program Files\Android\Android Studio\jbr\bin\server;C:\Users\WIN11\.gradle\native\1def1411415f61bf3af743bc5b6707747c0891f09f0c88961ee8f79bc544acac\windows-amd64;C:\Users\WIN11\.gradle\native\0.2.7\x86_64-windows-gnu

VM Arguments:
jvm_args: --add-opens=java.base/java.lang=ALL-UNNAMED --add-opens=java.base/java.lang.invoke=ALL-UNNAMED --add-opens=java.base/java.util=ALL-UNNAMED --add-opens=java.prefs/java.util.prefs=ALL-UNNAMED --add-exports=jdk.compiler/com.sun.tools.javac.api=ALL-UNNAMED --add-exports=jdk.compiler/com.sun.tools.javac.util=ALL-UNNAMED --add-opens=java.base/java.util=ALL-UNNAMED --add-opens=java.prefs/java.util.prefs=ALL-UNNAMED --add-opens=java.base/java.nio.charset=ALL-UNNAMED --add-opens=java.base/java.net=ALL-UNNAMED --add-opens=java.base/java.util.concurrent.atomic=ALL-UNNAMED --add-opens=java.xml/javax.xml.namespace=ALL-UNNAMED -Xmx2048m -Dfile.encoding=UTF-8 -Duser.country=US -Duser.language=en -Duser.variant -javaagent:C:\Users\WIN11\.gradle\wrapper\dists\gradle-8.14.3-bin\cv11ve7ro1n3o1j4so8xd9n66\gradle-8.14.3\lib\agents\gradle-instrumentation-agent-8.14.3.jar 
java_command: org.gradle.launcher.daemon.bootstrap.GradleDaemon 8.14.3
java_class_path (initial): C:\Users\WIN11\.gradle\wrapper\dists\gradle-8.14.3-bin\cv11ve7ro1n3o1j4so8xd9n66\gradle-8.14.3\lib\gradle-daemon-main-8.14.3.jar
Launcher Type: SUN_STANDARD

[Global flags]
     intx CICompilerCount                          = 12                                        {product} {ergonomic}
     uint ConcGCThreads                            = 3                                         {product} {ergonomic}
     uint G1ConcRefinementThreads                  = 13                                        {product} {ergonomic}
   size_t G1HeapRegionSize                         = 1048576                                   {product} {ergonomic}
    uintx GCDrainStackTargetSize                   = 64                                        {product} {ergonomic}
   size_t InitialHeapSize                          = 264241152                                 {product} {ergonomic}
   size_t MarkStackSize                            = 4194304                                   {product} {ergonomic}
   size_t MaxHeapSize                              = 2147483648                                {product} {command line}
   size_t MaxNewSize                               = 1287651328                                {product} {ergonomic}
   size_t MinHeapDeltaBytes                        = 1048576                                   {product} {ergonomic}
   size_t MinHeapSize                              = 8388608                                   {product} {ergonomic}
    uintx NonNMethodCodeHeapSize                   = 7602480                                {pd product} {ergonomic}
    uintx NonProfiledCodeHeapSize                  = 122027880                              {pd product} {ergonomic}
    uintx ProfiledCodeHeapSize                     = 122027880                              {pd product} {ergonomic}
    uintx ReservedCodeCacheSize                    = 251658240                              {pd product} {ergonomic}
     bool SegmentedCodeCache                       = true                                      {product} {ergonomic}
   size_t SoftMaxHeapSize                          = 2147483648                             {manageable} {ergonomic}
     bool UseCompressedOops                        = true                           {product lp64_product} {ergonomic}
     bool UseG1GC                                  = true                                      {product} {ergonomic}
     bool UseLargePagesIndividualAllocation        = false                                  {pd product} {ergonomic}

Logging:
Log output configuration:
 #0: stdout all=warning uptime,level,tags foldmultilines=false
 #1: stderr all=off uptime,level,tags foldmultilines=false

Environment Variables:
JAVA_HOME=C:\Program Files\Java\jdk-17
PATH=C:\Program Files\Common Files\Oracle\Java\javapath;C:\Program Files (x86)\VMware\VMware Workstation\bin\;C:\Windows\system32;C:\Windows;C:\Windows\System32\Wbem;C:\Windows\System32\WindowsPowerShell\v1.0\;C:\Windows\System32\OpenSSH\;C:\Program Files (x86)\NVIDIA Corporation\PhysX\Common;C:\WINDOWS\system32;C:\WINDOWS;C:\WINDOWS\System32\Wbem;C:\WINDOWS\System32\WindowsPowerShell\v1.0\;C:\WINDOWS\System32\OpenSSH\;C:\Program Files\Java\jdk-1.8\bin;C:\Program Files (x86)\Microsoft SQL Server\160\Tools\Binn\;C:\Program Files\Microsoft SQL Server\160\Tools\Binn\;C:\Program Files\Microsoft SQL Server\Client SDK\ODBC\170\Tools\Binn\;C:\Program Files\Microsoft SQL Server\160\DTS\Binn\;C:\Program Files (x86)\Microsoft SQL Server\160\DTS\Binn\;C:\Program Files\NVIDIA Corporation\NVIDIA App\NvDLISR;C:\Program Files\Microsoft SQL Server\150\Tools\Binn\;C:\Program Files\Git\cmd;C:\Program Files\nodejs\;C:\ProgramData\chocolatey\bin;C:\Program Files\Java\jdk-21\bin;C:\Users\WIN11\AppData\Local\Android\Sdk\platform-tools;C:\Program Files\Java\jdk-17\bin;C:\Program Files\dotnet\;C:\Program Files\cursor\resources\app\bin;C:\Users\WIN11\AppData\Local\Programs\Python\Python313\Scripts\;C:\Users\WIN11\AppData\Local\Programs\Python\Python313\;C:\Users\WIN11\AppData\Local\Microsoft\WindowsApps;C:\Program Files\Azure Data Studio\bin;C:\Users\WIN11\AppData\Local\Programs\Microsoft VS Code\bin;C:\Users\WIN11\.dotnet\tools;C:\Users\WIN11\AppData\Local\GitHubDesktop\bin;C:\Users\WIN11\AppData\Roaming\npm;;C:\Users\WIN11\.lmstudio\bin;%USERPROFILE%\AppData\Local\Microsoft\WindowsApps
USERNAME=WIN11
OS=Windows_NT
PROCESSOR_IDENTIFIER=Intel64 Family 6 Model 154 Stepping 3, GenuineIntel
TMP=C:\Users\WIN11\AppData\Local\Temp
TEMP=C:\Users\WIN11\AppData\Local\Temp




Periodic native trim disabled

JNI global refs:
JNI global refs: 37, weak refs: 0

JNI global refs memory usage: 835, weak refs: 833

Process memory usage:
Resident Set Size: 460536K (2% of 16474616K total physical memory with 3571668K free physical memory)

OOME stack traces (most recent first):
Classloader memory used:
Loader org.gradle.internal.classloader.VisitableURLClassLoader                         : 48524K
Loader bootstrap                                                                       : 30148K
Loader org.gradle.internal.classloader.VisitableURLClassLoader$InstrumentingVisitableURLClassLoader: 13044K
Loader org.gradle.initialization.MixInLegacyTypesClassLoader                           : 12016K
Loader jdk.internal.loader.ClassLoaders$PlatformClassLoader                            : 810K
Loader jdk.internal.loader.ClassLoaders$AppClassLoader                                 : 235K
Loader jdk.internal.reflect.DelegatingClassLoader                                      : 195K
Loader org.gradle.internal.classloader.VisitableURLClassLoader                         : 160K
Loader org.gradle.groovy.scripts.internal.DefaultScriptCompilationHandler$ScriptClassLoader: 122K
Loader org.codehaus.groovy.runtime.callsite.CallSiteClassLoader                        : 17216B

Classes loaded by more than one classloader:
Class Program                                                                         : loaded 5 times (x 70B)
Class Build_gradle                                                                    : loaded 3 times (x 128B)
Class Build_gradle$1                                                                  : loaded 3 times (x 72B)
Class org.gradle.internal.classloader.FilteringClassLoader                            : loaded 2 times (x 103B)
Class com.google.common.base.CharMatcher$IsEither                                     : loaded 2 times (x 109B)
Class ijJvmDebugger1_c34y8cqxc2ox7jrirogysijff                                        : loaded 2 times (x 177B)
Class org.gradle.internal.classloader.ClassLoaderHierarchy                            : loaded 2 times (x 68B)
Class com.google.common.collect.ImmutableEnumSet                                      : loaded 2 times (x 144B)
Class com.google.common.util.concurrent.ExecutionError                                : loaded 2 times (x 80B)
Class com.google.common.collect.ImmutableList$1                                       : loaded 2 times (x 95B)
Class org.gradle.api.internal.classpath.ManifestUtil                                  : loaded 2 times (x 69B)
Class com.google.common.collect.RegularImmutableMap                                   : loaded 2 times (x 119B)
Class com.google.common.collect.ImmutableMap$MapViewOfValuesAsSingletonSets           : loaded 2 times (x 124B)
Class [Lorg.objectweb.asm.Symbol;                                                     : loaded 2 times (x 67B)
Class org.objectweb.asm.ClassVisitor                                                  : loaded 2 times (x 86B)
Class com.google.common.collect.UnmodifiableListIterator                              : loaded 2 times (x 93B)
Class com.google.common.base.Platform$JdkPatternCompiler                              : loaded 2 times (x 73B)
Class org.objectweb.asm.MethodTooLargeException                                       : loaded 2 times (x 81B)
Class [Lcom.google.common.cache.CacheBuilder$OneWeigher;                              : loaded 2 times (x 67B)
Class com.google.common.base.Suppliers                                                : loaded 2 times (x 69B)
Class org.gradle.internal.classloader.DefaultClassLoaderFactory                       : loaded 2 times (x 80B)
Class org.gradle.internal.classloader.ClassLoaderVisitor                              : loaded 2 times (x 74B)
Class [Lcom.google.common.collect.ImmutableMapEntry;                                  : loaded 2 times (x 67B)
Class org.gradle.api.internal.classpath.EffectiveClassPath                            : loaded 2 times (x 88B)
Class com.google.common.collect.ListMultimap                                          : loaded 2 times (x 68B)
Class com.google.common.collect.ImmutableEnumMap                                      : loaded 2 times (x 124B)
Class com.google.common.collect.Sets$1                                                : loaded 2 times (x 137B)
Class org.objectweb.asm.AnnotationVisitor                                             : loaded 2 times (x 76B)
Class org.gradle.api.internal.DefaultClassPathProvider                                : loaded 2 times (x 74B)
Class com.google.common.collect.Sets$2                                                : loaded 2 times (x 137B)
Class [Lorg.gradle.api.internal.ClassPathProvider;                                    : loaded 2 times (x 67B)
Class org.gradle.api.internal.ClassPathProvider                                       : loaded 2 times (x 68B)
Class [Lorg.objectweb.asm.AnnotationVisitor;                                          : loaded 2 times (x 67B)
Class com.google.common.collect.Sets$3                                                : loaded 2 times (x 137B)
Class com.google.common.cache.LocalCache$LocalLoadingCache                            : loaded 2 times (x 132B)
Class org.gradle.internal.service.UnknownServiceException                             : loaded 2 times (x 81B)
Class com.google.common.collect.Sets$4                                                : loaded 2 times (x 137B)
Class org.objectweb.asm.ModuleVisitor                                                 : loaded 2 times (x 79B)
Class com.google.common.cache.LocalCache$Strength$1                                   : loaded 2 times (x 79B)
Class com.google.common.util.concurrent.SettableFuture                                : loaded 2 times (x 112B)
Class com.google.common.cache.LocalCache$Strength$2                                   : loaded 2 times (x 79B)
Class com.google.common.cache.LocalCache$Strength$3                                   : loaded 2 times (x 79B)
Class com.google.common.collect.MapDifference                                         : loaded 2 times (x 68B)
Class org.objectweb.asm.FieldWriter                                                   : loaded 2 times (x 76B)
Class com.google.common.cache.CacheBuilder$NullListener                               : loaded 2 times (x 80B)
Class org.gradle.internal.classpath.TransformedClassPath                              : loaded 2 times (x 94B)
Class org.gradle.internal.classloader.InstrumentingClassLoader                        : loaded 2 times (x 68B)
Class com.google.common.cache.CacheLoader$FunctionToCacheLoader                       : loaded 2 times (x 73B)
Class com.google.common.collect.Iterators$ArrayItr                                    : loaded 2 times (x 95B)
Class com.google.common.collect.ImmutableCollection$Builder                           : loaded 2 times (x 74B)
Class com.google.common.base.Joiner                                                   : loaded 2 times (x 77B)
Class com.google.common.base.MoreObjects                                              : loaded 2 times (x 69B)
Class com.google.common.collect.Platform                                              : loaded 2 times (x 69B)
Class [Lorg.objectweb.asm.Type;                                                       : loaded 2 times (x 67B)
Class com.google.common.collect.UnmodifiableIterator                                  : loaded 2 times (x 78B)
Class org.gradle.internal.service.ServiceLocator                                      : loaded 2 times (x 68B)
Class com.google.common.base.Ascii                                                    : loaded 2 times (x 69B)
Class com.google.common.collect.SingletonImmutableBiMap                               : loaded 2 times (x 141B)
Class com.google.common.cache.LocalCache$1                                            : loaded 2 times (x 87B)
Class com.google.common.collect.Iterators$SingletonIterator                           : loaded 2 times (x 79B)
Class com.google.common.collect.AbstractMapEntry                                      : loaded 2 times (x 79B)
Class com.google.common.collect.ImmutableList$Builder                                 : loaded 2 times (x 75B)
Class com.google.common.collect.AbstractMultimap                                      : loaded 2 times (x 121B)
Class com.google.common.cache.LocalCache$2                                            : loaded 2 times (x 140B)
Class ijKotlinCoroutineJvmDebugInit1_7nl0nfvps3mzusv0d3prcrsei$_run_closure1          : loaded 2 times (x 137B)
Class com.google.common.collect.RegularImmutableAsList                                : loaded 2 times (x 215B)
Class com.google.common.util.concurrent.AbstractFuture$Trusted                        : loaded 2 times (x 68B)
Class com.google.common.collect.Iterators                                             : loaded 2 times (x 69B)
Class com.google.common.collect.Lists$StringAsImmutableList                           : loaded 2 times (x 205B)
Class com.google.common.util.concurrent.UncheckedExecutionException                   : loaded 2 times (x 80B)
Class org.gradle.kotlin.dsl.VersionCatalogAccessorsKt                                 : loaded 2 times (x 69B)
Class org.gradle.internal.InternalTransformer                                         : loaded 2 times (x 68B)
Class org.objectweb.asm.ClassWriter                                                   : loaded 2 times (x 104B)
Class com.google.common.cache.CacheLoader$UnsupportedLoadingOperationException        : loaded 2 times (x 80B)
Class com.google.common.base.CharMatcher$And                                          : loaded 2 times (x 110B)
Class org.gradle.internal.classloader.ClasspathUtil$1                                 : loaded 2 times (x 74B)
Class org.objectweb.asm.FieldVisitor                                                  : loaded 2 times (x 75B)
Class com.google.common.collect.IndexedImmutableSet                                   : loaded 2 times (x 150B)
Class com.google.common.collect.ImmutableMap$1                                        : loaded 2 times (x 79B)
Class com.google.common.collect.BiMap                                                 : loaded 2 times (x 68B)
Class org.gradle.api.internal.classpath.DefaultModuleRegistry$DefaultModule           : loaded 2 times (x 84B)
Class com.google.common.primitives.Ints                                               : loaded 2 times (x 69B)
Class com.google.common.collect.AbstractIterator                                      : loaded 2 times (x 80B)
Class com.google.common.collect.ObjectArrays                                          : loaded 2 times (x 69B)
Class com.google.common.collect.Multiset                                              : loaded 2 times (x 68B)
Class com.google.common.collect.ArrayListMultimapGwtSerializationDependencies         : loaded 2 times (x 170B)
Class com.google.common.collect.RegularImmutableMap$KeySet                            : loaded 2 times (x 150B)
Class com.google.common.math.MathPreconditions                                        : loaded 2 times (x 69B)
Class com.google.common.collect.ImmutableMapEntrySet                                  : loaded 2 times (x 150B)
Class org.gradle.api.internal.classpath.Module                                        : loaded 2 times (x 68B)
Class com.google.common.cache.Weigher                                                 : loaded 2 times (x 68B)
Class org.gradle.api.internal.classpath.UnknownModuleException                        : loaded 2 times (x 80B)
Class com.google.common.base.Stopwatch                                                : loaded 2 times (x 70B)
Class com.google.common.cache.LocalCache$Strength                                     : loaded 2 times (x 79B)
Class com.google.common.cache.Cache                                                   : loaded 2 times (x 68B)
Class com.google.common.util.concurrent.AbstractFuture$Cancellation                   : loaded 2 times (x 70B)
Class com.google.common.collect.ImmutableMap$Builder                                  : loaded 2 times (x 80B)
Class com.google.common.cache.RemovalListener                                         : loaded 2 times (x 68B)
Class org.gradle.api.internal.DefaultClassPathRegistry                                : loaded 2 times (x 74B)
Class com.google.common.primitives.IntsMethodsForWeb                                  : loaded 2 times (x 69B)
Class com.google.common.collect.Multimap                                              : loaded 2 times (x 68B)
Class org.gradle.api.internal.ClassPathRegistry                                       : loaded 2 times (x 68B)
Class org.gradle.internal.classpath.DefaultClassPath$ImmutableUniqueList              : loaded 2 times (x 197B)
Class com.google.common.base.Equivalence$Identity                                     : loaded 2 times (x 80B)
Class com.google.common.cache.CacheBuilder                                            : loaded 2 times (x 70B)
Class com.google.common.collect.SingletonImmutableList                                : loaded 2 times (x 205B)
Class Settings_gradle$1                                                               : loaded 2 times (x 72B)
Class org.gradle.internal.classpath.ClassPath                                         : loaded 2 times (x 68B)
Class org.gradle.api.UncheckedIOException                                             : loaded 2 times (x 80B)
Class com.google.common.base.JdkPattern                                               : loaded 2 times (x 73B)
Class com.google.common.collect.ImmutableList$ReverseImmutableList                    : loaded 2 times (x 207B)
Class org.objectweb.asm.SymbolTable$Entry                                             : loaded 2 times (x 72B)
Class org.objectweb.asm.Edge                                                          : loaded 2 times (x 70B)
Class com.google.common.base.Suppliers$SupplierOfInstance                             : loaded 2 times (x 77B)
Class com.google.common.collect.Iterators$1                                           : loaded 2 times (x 79B)
Class com.google.common.cache.LocalCache$ComputingValueReference                      : loaded 2 times (x 94B)
Class com.google.common.collect.SingletonImmutableSet                                 : loaded 2 times (x 144B)
Class com.google.common.collect.ImmutableMap$IteratorBasedImmutableMap                : loaded 2 times (x 124B)
Class com.google.common.cache.LocalCache$Segment                                      : loaded 2 times (x 152B)
Class com.google.common.collect.AbstractListMultimap                                  : loaded 2 times (x 170B)
Class [Lorg.objectweb.asm.SymbolTable$Entry;                                          : loaded 2 times (x 67B)
Class com.google.common.cache.CacheLoader                                             : loaded 2 times (x 72B)
Class com.google.common.collect.Iterators$4                                           : loaded 2 times (x 80B)
Class com.google.common.collect.ImmutableBiMap                                        : loaded 2 times (x 141B)
Class ijKotlinCoroutineJvmDebugInit1_7nl0nfvps3mzusv0d3prcrsei$_run_closure1$_closure2: loaded 2 times (x 137B)
Class org.gradle.internal.installation.GradleInstallation$1                           : loaded 2 times (x 73B)
Class org.gradle.api.internal.classpath.ModuleRegistry                                : loaded 2 times (x 68B)
Class com.google.common.util.concurrent.internal.InternalFutureFailureAccess          : loaded 2 times (x 70B)
Class com.google.common.collect.Iterators$5                                           : loaded 2 times (x 80B)
Class com.google.common.collect.ImmutableSet$JdkBackedSetBuilderImpl                  : loaded 2 times (x 74B)
Class com.google.common.cache.LocalCache$LocalManualCache$1                           : loaded 2 times (x 73B)
Class com.google.common.base.CharMatcher$ForPredicate                                 : loaded 2 times (x 110B)
Class com.google.common.base.CharMatcher$AnyOf                                        : loaded 2 times (x 110B)
Class com.google.common.collect.ImmutableCollection                                   : loaded 2 times (x 123B)
Class org.gradle.api.internal.classpath.DefaultModuleRegistry                         : loaded 2 times (x 84B)
Class com.google.common.collect.Lists                                                 : loaded 2 times (x 69B)
Class com.google.common.util.concurrent.ListenableFuture                              : loaded 2 times (x 68B)
Class com.google.common.cache.ReferenceEntry                                          : loaded 2 times (x 68B)
Class com.google.common.base.Converter                                                : loaded 2 times (x 88B)
Class com.google.common.collect.ImmutableSet$CachingAsList                            : loaded 2 times (x 146B)
Class com.google.common.collect.AbstractMapBasedMultimap                              : loaded 2 times (x 137B)
Class com.google.common.util.concurrent.AbstractFuture                                : loaded 2 times (x 104B)
Class com.google.common.base.FunctionalEquivalence                                    : loaded 2 times (x 81B)
Class com.google.common.collect.Iterators$9                                           : loaded 2 times (x 79B)
Class com.google.common.collect.ImmutableAsList                                       : loaded 2 times (x 207B)
Class org.objectweb.asm.RecordComponentVisitor                                        : loaded 2 times (x 75B)
Class com.google.common.cache.CacheLoader$SupplierToCacheLoader                       : loaded 2 times (x 73B)
Class org.gradle.internal.service.ServiceLookupException                              : loaded 2 times (x 80B)
Class [Lcom.google.common.cache.LocalCache$EntryFactory;                              : loaded 2 times (x 67B)
Class ijJvmDebugger1_c34y8cqxc2ox7jrirogysijff$_run_closure1                          : loaded 2 times (x 137B)
Class org.gradle.internal.classloader.ClassLoaderFactory                              : loaded 2 times (x 68B)
Class com.google.common.base.CommonPattern                                            : loaded 2 times (x 72B)
Class com.google.common.cache.LocalCache$LocalManualCache                             : loaded 2 times (x 97B)
Class com.google.common.base.CharMatcher$IsNot                                        : loaded 2 times (x 109B)
Class ijKotlinCoroutineJvmDebugInit1_7nl0nfvps3mzusv0d3prcrsei                        : loaded 2 times (x 177B)
Class org.gradle.internal.service.CachingServiceLocator                               : loaded 2 times (x 80B)
Class com.google.common.math.IntMath                                                  : loaded 2 times (x 69B)
Class org.objectweb.asm.commons.InstructionAdapter                                    : loaded 2 times (x 186B)
Class com.google.common.collect.ImmutableMapEntry                                     : loaded 2 times (x 83B)
Class com.google.common.base.Equivalence                                              : loaded 2 times (x 80B)
Class com.google.common.base.Function                                                 : loaded 2 times (x 68B)
Class com.google.common.collect.ImmutableMapEntry$NonTerminalImmutableMapEntry        : loaded 2 times (x 83B)
Class com.google.common.cache.CacheBuilder$OneWeigher                                 : loaded 2 times (x 80B)
Class com.google.common.collect.RegularImmutableList                                  : loaded 2 times (x 211B)
Class org.gradle.internal.classloader.ClasspathUtil                                   : loaded 2 times (x 69B)
Class com.google.common.util.concurrent.Uninterruptibles                              : loaded 2 times (x 69B)
Class com.google.common.util.concurrent.LazyLogger                                    : loaded 2 times (x 70B)
Class com.google.common.collect.Maps                                                  : loaded 2 times (x 69B)
Class org.gradle.api.specs.Spec                                                       : loaded 2 times (x 68B)
Class [Lcom.google.common.collect.ImmutableEntry;                                     : loaded 2 times (x 67B)
Class com.google.common.cache.LocalCache$LoadingValueReference                        : loaded 2 times (x 94B)
Class com.google.common.collect.AbstractIndexedListIterator                           : loaded 2 times (x 94B)
Class com.google.common.base.Platform                                                 : loaded 2 times (x 69B)
Class [Lorg.objectweb.asm.AnnotationWriter;                                           : loaded 2 times (x 67B)
Class com.google.common.collect.Maps$8                                                : loaded 2 times (x 80B)
Class com.google.common.collect.Sets$SetView                                          : loaded 2 times (x 136B)
Class com.google.common.cache.LocalCache$StrongValueReference                         : loaded 2 times (x 88B)
Class org.objectweb.asm.Type                                                          : loaded 2 times (x 70B)
Class org.gradle.internal.classloader.VisitableURLClassLoader$InstrumentingVisitableURLClassLoader: loaded 2 times (x 121B)
Class org.objectweb.asm.ByteVector                                                    : loaded 2 times (x 77B)
Class [Lcom.google.common.cache.CacheBuilder$NullListener;                            : loaded 2 times (x 67B)
Class com.google.common.math.IntMath$1                                                : loaded 2 times (x 69B)
Class org.gradle.internal.classloader.VisitableURLClassLoader$Spec                    : loaded 2 times (x 72B)
Class org.gradle.internal.classpath.DefaultClassPath                                  : loaded 2 times (x 88B)
Class org.objectweb.asm.Symbol                                                        : loaded 2 times (x 71B)
Class com.google.common.base.CharMatcher$BitSetMatcher                                : loaded 2 times (x 110B)
Class com.google.common.collect.ImmutableSet                                          : loaded 2 times (x 143B)
Class com.google.common.collect.RegularImmutableMap$Values                            : loaded 2 times (x 205B)
Class org.gradle.internal.classloader.ClassLoaderSpec                                 : loaded 2 times (x 69B)
Class org.objectweb.asm.AnnotationWriter                                              : loaded 2 times (x 77B)
Class com.google.common.cache.CacheStats                                              : loaded 2 times (x 69B)
Class org.objectweb.asm.RecordComponentWriter                                         : loaded 2 times (x 76B)
Class com.google.common.util.concurrent.AbstractFuture$Listener                       : loaded 2 times (x 70B)
Class com.google.common.base.CharMatcher$Or                                           : loaded 2 times (x 110B)
Class Settings_gradle$1$1                                                             : loaded 2 times (x 72B)
Class org.objectweb.asm.Attribute                                                     : loaded 2 times (x 75B)
Class com.google.common.base.Supplier                                                 : loaded 2 times (x 68B)
Class org.gradle.internal.classloader.VisitableURLClassLoader                         : loaded 2 times (x 115B)
Class Settings_gradle                                                                 : loaded 2 times (x 126B)
Class org.gradle.internal.Cast                                                        : loaded 2 times (x 69B)
Class org.gradle.api.Action                                                           : loaded 2 times (x 68B)
Class com.google.common.base.Strings                                                  : loaded 2 times (x 69B)
Class com.google.common.collect.Sets                                                  : loaded 2 times (x 69B)
Class org.objectweb.asm.Handler                                                       : loaded 2 times (x 70B)
Class com.google.common.base.Ticker                                                   : loaded 2 times (x 70B)
Class com.google.common.base.CharMatcher$FastMatcher                                  : loaded 2 times (x 109B)
Class [Lcom.google.common.cache.LocalCache$Segment;                                   : loaded 2 times (x 67B)
Class [Lcom.google.common.cache.LocalCache$Strength;                                  : loaded 2 times (x 67B)
Class com.google.common.cache.CacheBuilder$1                                          : loaded 2 times (x 83B)
Class com.google.common.base.Predicate                                                : loaded 2 times (x 68B)
Class com.google.common.collect.ImmutableMap                                          : loaded 2 times (x 118B)
Class org.gradle.internal.classpath.DefaultClassPath$ImmutableUniqueList$Builder      : loaded 2 times (x 73B)
Class com.google.common.cache.LocalCache                                              : loaded 2 times (x 185B)
Class com.google.common.cache.CacheBuilder$2                                          : loaded 2 times (x 77B)
Class com.google.common.base.CharMatcher$NegatedFastMatcher                           : loaded 2 times (x 111B)
Class com.google.common.collect.ArrayListMultimap                                     : loaded 2 times (x 170B)
Class com.google.common.cache.CacheBuilder$3                                          : loaded 2 times (x 70B)
Class [Lcom.google.common.collect.AbstractMapEntry;                                   : loaded 2 times (x 67B)
Class com.google.common.collect.ImmutableEntry                                        : loaded 2 times (x 80B)
Class org.gradle.api.GradleException                                                  : loaded 2 times (x 80B)
Class com.google.common.collect.CollectPreconditions                                  : loaded 2 times (x 69B)
Class com.google.common.collect.SortedMapDifference                                   : loaded 2 times (x 68B)
Class com.google.common.cache.LocalCache$EntryFactory                                 : loaded 2 times (x 81B)
Class com.google.common.cache.LocalCache$AbstractReferenceEntry                       : loaded 2 times (x 105B)
Class org.gradle.internal.IoActions                                                   : loaded 2 times (x 69B)
Class org.objectweb.asm.SymbolTable                                                   : loaded 2 times (x 70B)
Class com.google.common.cache.CacheLoader$InvalidCacheLoadException                   : loaded 2 times (x 80B)
Class com.google.common.collect.ImmutableSet$RegularSetBuilderImpl                    : loaded 2 times (x 75B)
Class ijJvmDebugger1_c34y8cqxc2ox7jrirogysijff$_run_closure1$_closure2                : loaded 2 times (x 138B)
Class org.gradle.internal.classloader.SystemClassLoaderSpec                           : loaded 2 times (x 69B)
Class com.google.common.cache.LocalCache$StrongEntry                                  : loaded 2 times (x 106B)
Class com.google.common.util.concurrent.AbstractFuture$TrustedFuture                  : loaded 2 times (x 112B)
Class com.google.common.cache.LoadingCache                                            : loaded 2 times (x 68B)
Class org.objectweb.asm.MethodWriter                                                  : loaded 2 times (x 104B)
Class [Lcom.google.common.cache.Weigher;                                              : loaded 2 times (x 67B)
Class com.google.common.collect.RegularImmutableMap$BucketOverflowException           : loaded 2 times (x 80B)
Class com.google.common.collect.RegularImmutableBiMap                                 : loaded 2 times (x 147B)
Class com.google.common.cache.LocalCache$ValueReference                               : loaded 2 times (x 68B)
Class com.google.common.base.CharMatcher$Negated                                      : loaded 2 times (x 111B)
Class com.google.common.base.CharMatcher$Is                                           : loaded 2 times (x 109B)
Class com.google.common.base.PatternCompiler                                          : loaded 2 times (x 68B)
Class com.google.common.util.concurrent.AbstractFuture$Failure                        : loaded 2 times (x 70B)
Class com.google.common.base.Equivalence$Equals                                       : loaded 2 times (x 80B)
Class com.google.common.collect.Hashing                                               : loaded 2 times (x 69B)
Class com.google.common.base.Preconditions                                            : loaded 2 times (x 69B)
Class com.google.common.base.Joiner$1                                                 : loaded 2 times (x 78B)
Class org.objectweb.asm.Label                                                         : loaded 2 times (x 71B)
Class org.objectweb.asm.CurrentFrame                                                  : loaded 2 times (x 71B)
Class org.objectweb.asm.ClassTooLargeException                                        : loaded 2 times (x 81B)
Class com.google.common.base.CharMatcher                                              : loaded 2 times (x 109B)
Class com.google.common.collect.PeekingIterator                                       : loaded 2 times (x 68B)
Class com.google.common.base.Joiner$2                                                 : loaded 2 times (x 77B)
Class org.objectweb.asm.Frame                                                         : loaded 2 times (x 71B)
Class org.objectweb.asm.MethodVisitor                                                 : loaded 2 times (x 103B)
Class com.google.common.cache.LocalCache$EntryFactory$1                               : loaded 2 times (x 81B)
Class [Lcom.google.common.cache.RemovalListener;                                      : loaded 2 times (x 67B)
Class com.google.common.base.CharMatcher$1                                            : loaded 2 times (x 111B)
Class com.google.common.base.CharMatcher$NamedFastMatcher                             : loaded 2 times (x 110B)
Class com.google.common.cache.LocalCache$EntryFactory$2                               : loaded 2 times (x 81B)
Class org.gradle.api.internal.classpath.GlobalCacheRootsProvider                      : loaded 2 times (x 68B)
Class org.objectweb.asm.ModuleWriter                                                  : loaded 2 times (x 80B)
Class com.google.common.cache.LocalCache$EntryFactory$3                               : loaded 2 times (x 81B)
Class com.google.common.base.Ticker$1                                                 : loaded 2 times (x 70B)
Class com.google.common.collect.Maps$BiMapConverter                                   : loaded 2 times (x 88B)
Class com.google.common.collect.ImmutableMapEntrySet$RegularEntrySet                  : loaded 2 times (x 150B)
Class com.google.common.cache.LocalCache$EntryFactory$4                               : loaded 2 times (x 81B)
Class com.google.common.base.CharMatcher$InRange                                      : loaded 2 times (x 109B)
Class com.google.common.collect.ImmutableSet$Builder                                  : loaded 2 times (x 83B)
Class com.google.common.cache.LocalCache$EntryFactory$5                               : loaded 2 times (x 81B)
Class com.google.common.base.PairwiseEquivalence                                      : loaded 2 times (x 81B)
Class com.google.common.cache.LocalCache$EntryFactory$6                               : loaded 2 times (x 81B)
Class org.gradle.internal.installation.CurrentGradleInstallationLocator               : loaded 2 times (x 69B)
Class com.google.common.cache.LocalCache$EntryFactory$7                               : loaded 2 times (x 81B)
Class com.google.common.collect.ImmutableSet$EmptySetBuilderImpl                      : loaded 2 times (x 74B)
Class com.google.common.collect.ImmutableList                                         : loaded 2 times (x 204B)
Class org.gradle.internal.service.DefaultServiceLocator                               : loaded 2 times (x 81B)
Class com.google.common.cache.LocalCache$EntryFactory$8                               : loaded 2 times (x 81B)
Class com.google.common.collect.ImmutableSet$SetBuilderImpl                           : loaded 2 times (x 74B)
Class org.gradle.internal.installation.CurrentGradleInstallation                      : loaded 2 times (x 71B)
Class com.google.common.cache.CacheLoader$1                                           : loaded 2 times (x 73B)
Class com.google.common.collect.ImmutableList$SubList                                 : loaded 2 times (x 207B)
Class org.gradle.util.internal.GUtil                                                  : loaded 2 times (x 69B)
Class com.google.common.cache.AbstractCache$StatsCounter                              : loaded 2 times (x 68B)
Class com.google.common.collect.Iterators$MergingIterator                             : loaded 2 times (x 79B)
Class com.google.common.collect.RegularImmutableSet                                   : loaded 2 times (x 147B)
Class org.gradle.internal.installation.GradleInstallation                             : loaded 2 times (x 73B)
Class com.google.common.collect.Iterables                                             : loaded 2 times (x 69B)

---------------  S Y S T E M  ---------------

OS:
 Windows 11 , 64 bit Build 26100 (10.0.26100.5074)
OS uptime: 0 days 1:02 hours

CPU: total 16 (initial active 16) (8 cores per cpu, 2 threads per core) family 6 model 154 stepping 3 microcode 0x41b, cx8, cmov, fxsr, ht, mmx, 3dnowpref, sse, sse2, sse3, ssse3, sse4.1, sse4.2, popcnt, lzcnt, tsc, tscinvbit, avx, avx2, aes, erms, clmul, bmi1, bmi2, adx, sha, fma, vzeroupper, clflush, clflushopt, clwb, serialize, rdtscp, rdpid, fsrm, f16c, pku, cet_ibt, cet_ss
Processor Information for processor 0
  Max Mhz: 3100, Current Mhz: 3100, Mhz Limit: 3100
Processor Information for processor 1
  Max Mhz: 3100, Current Mhz: 3100, Mhz Limit: 3100
Processor Information for processor 2
  Max Mhz: 3100, Current Mhz: 3100, Mhz Limit: 3100
Processor Information for processor 3
  Max Mhz: 3100, Current Mhz: 3100, Mhz Limit: 3100
Processor Information for processor 4
  Max Mhz: 3100, Current Mhz: 3100, Mhz Limit: 3100
Processor Information for processor 5
  Max Mhz: 3100, Current Mhz: 3100, Mhz Limit: 3100
Processor Information for processor 6
  Max Mhz: 3100, Current Mhz: 3100, Mhz Limit: 3100
Processor Information for processor 7
  Max Mhz: 3100, Current Mhz: 3100, Mhz Limit: 3100
Processor Information for processor 8
  Max Mhz: 3100, Current Mhz: 2232, Mhz Limit: 2232
Processor Information for processor 9
  Max Mhz: 3100, Current Mhz: 2232, Mhz Limit: 2232
Processor Information for processor 10
  Max Mhz: 3100, Current Mhz: 2232, Mhz Limit: 2232
Processor Information for processor 11
  Max Mhz: 3100, Current Mhz: 2232, Mhz Limit: 2232
Processor Information for processor 12
  Max Mhz: 3100, Current Mhz: 2232, Mhz Limit: 2232
Processor Information for processor 13
  Max Mhz: 3100, Current Mhz: 2232, Mhz Limit: 2232
Processor Information for processor 14
  Max Mhz: 3100, Current Mhz: 2232, Mhz Limit: 2232
Processor Information for processor 15
  Max Mhz: 3100, Current Mhz: 2232, Mhz Limit: 2232

Memory: 4k page, system-wide physical 16088M (3486M free)
TotalPageFile size 16088M (AvailPageFile size 3M)
current process WorkingSet (physical memory assigned to process): 451M, peak: 451M
current process commit charge ("private bytes"): 494M, peak: 494M

vm_info: OpenJDK 64-Bit Server VM (21.0.7+-13880790-b1038.58) for windows-amd64 JRE (21.0.7+-13880790-b1038.58), built on 2025-08-04T20:56:21Z by "builder" with MS VC++ 16.10 / 16.11 (VS2019)

END.
